Category,Key,English,Bulgarian,Notes
main menu,menu1,Continue Game,Продължи игра,
,menu2,Start Game,Нова игра,
,menu3,Start Game from Matthew,Започни игра от Матю,
,menu4,Options,Настройки,
,menu5,Quit Game,Излез,
options,opt1,Music Volume,Ниво на музиката,
,opt2,SFX Volume,Звукови ефекти,
,opt3,Item Animation Speed,Скорост на анимацията,
,opt4,Brightness,Яркост,
,opt5,Rotate,Въртене,
,opt6,FPS,FPS,
,opt7,Screen Size,Размер на екрана,
,opt8,Quality,Качество,
,opt9,Language,Език,
,opt10,Return to Menu,Назад към менюто,
,clickMe,Click me!,Натисни ме!,
,sellHere,Drag to me to Sell,"Влачи дотук, за да продадеш",
,noMoreSale,I only buy three items!,Купувам само по три предмета!,
,on,on,включено,
,off,off,изключено,
,windowed,windowed,прозорец,
,full screen,full screen,пълен екран,
,borderless,borderless,без рамка,
,unlimited,unlimited,неограничено,
,low,low,ниско,
,medium,medium,средно,
,high,high,високо,
gameManagerMessages,gmreo,Reorganize now to claim this item!,"Пренареди сега, за да взема този предмет!",
,gm1,Finished!,Готово!,
,gm2,Must be in an empty room!,Трябва да съм в празна стая!,
,gm3,Cannot save right now!,Не мога да запиша сега!,
,gm4,Complete tutorial to save!,"Трябва да завърша увода, за да запиша!",
,gm5,Cannnot save while moving!,"Не мога да запиша, докато се движа!",
,gm6,Finale,Финал,
,gm7,Part /x of /y,"Част /x от /y",
,gm8,Finished Choosing,Приключих с избирането,
,gm9,Can't take more items,Не мога да взема повече предмети,
,gm10,Take /x items,Вземи /x предмета,
,gm11,Take 1 item,Вземи 1 предмет,
,gmb,Battle Start!,Начало на битка!,
,gmpt,Player Turn!,Мор ред!,
,gmet,Enemy Turn!,Техен ред!,
,gm12,You win!,Печеля!,
,gm13,Level Up!,Качих ниво!,
,gm14,Get items!,Вземи предмети!,
,gm15,Not enough energy,Нямам достатъчно енергия,
,gm16,Any items left outside the backpack will be lost,"Ще загубя всички предмети, които оставя извън раницата",
,gm17,Finished Reorganizing,Приключих с пренареждането,
,gm18,Save Failed!,Неуспешен запис!,
,gm19,You have been cursed!,Бях прокълнат!,
,gm20,Skip curse. Take /x damage,"Ще игнорирам проклятието, но ще поема /x щета",
,gm21,Choose an item,Избери предмет,
,gm22,Never Mind,Зарежи,as a response when not selecting an item
,gm23,You must place all curses!,Трябва да поставя всички проклятия!,
,gm24,Cannot be combined with selected item,Не може да се комбинира с избрания предмет,
,gm25,Cannot be used!,Не може да се използва!,
,gm26,Not enough connected Mana,Нямам достатъчно свързана мана,
,gm27,Not enough Gold,Нямам достатъчно злато,
,gm28,No more uses this combat,Не мога да го ползва повече в тази битка,
,gm29,No more uses this turn,Не мога да го ползвам повече този ход,
,gm30,No more uses,Не мога да го ползвам повече,
,gm31,This item is disabled,Не мога да ползвам този предмет,
,gm32,Anchored,Закотвен,
,gm33,Cannot move a curse,Не мога да местиш проклятие,
,gm34,Cannot move here,Не мога да го преместя тук,
,gm35,Cannot afford,Не мога да си го позволя,
,gm36,Cannot place here,Не мога да го поставя тук,
,gm37,Finish Battle to Continue,"Трябва да приключи битката, за да продължа",
,gm38,Can't move here!,Не мога да стигна до там!,
,gm39,Pathway blocked!,Пътят е блокиран!,
,gm40,Game Loaded,Играта беше заредена,
,gm41,Game Saved,Играта беше записана,
,retry,retry,опитай пак,
,gm42,Choose /x spaces,Избери /x места,
,gmSatchel1,Items must be placed on a rune space!,Предметите трябва да се поставят на място с руна!,
,gmSatchel2,You can't move items once they're crammed in!,"Не мога да местя предмети, когато си се натъпкал!",
,gmSatchel3,There's no space to cram it in!,Нямам място да го напътча!,
minigames,mini1,Spin /x gold,Завърти за /x злато,
,mini2,Spin - free,Завърти - безплатно,
,mini3,Can't leave yet,Не мога да изляза още,
,mini4,Finish your guess to leave,"Трябва да приключа с опитите, за да изляза",
,mini5,No more guesses!,Нямам повече опити!,
,mini6,Matching,Съвпадащи,
,mini7,You have /x guesses remaining,Остават ми /x опита,
tutorials,tut1,In combat you click items to use them. You must defeat all enemies to continue.,"Щракай по предметите, за да ги използваш в битка. Трябва да победиш всички противници, за да продължиш.",
,tut2,"Add all items to your backpack to continue! While holding an item, you can press right mouse or arrow keys to rotate it!","Добави всички предмети в раницата си, за да продължиш! Натисни дясното копче на мишката или стрелка, докато държиш предмет, за да го завъртиш!",
enemyCards,enemyXP,You will get /x experience for defeating this enemy,"Ще получиш /x опит, ако победиш този противник",
,enemyC,"Cowardly! Will flee if only cowardly enemies remain""","Бъзльо! Ще избяга, ако останат само бъзльовци",
,enemyS,This enemy is a summon,Този противник е призован,
,enemyHP,HP: /x / /y,Живот: /x / /y,"example: ""HP: 3 / 5"""
enemies,Броненосец,Armadillo,Armadillo,
,Armadillo1,These armadillos are legendary for their defensive abilities! And their stench!,Тези броненосци са известни със защитните си умения! И вонята си!,
,Badger Boss,Badger Boss,Шефът на Язовците,
,Badger Boss1,The Badger Boss is a true threat!,Шефът на Язовеците е истинска заплаха!,
,Badger,Badger,Язовец,
,Badger1,You never see these guys alone. So annoying!,Никога не са сами. Много досадно!,
,Bandit Lord,Bandit Lord,Шефът на бандитите,
,Bandit Lord1,Isn't rebelling against authority the whole point of being a bandit?,Не е ли бунтуването срещу властта смисълът да си бандит?,
,Bat,Bat,Прилеп,
,Bat1,These bats don't drink... wine...,Тези прилепи не пият... вино...,
,Blademaster,Blade Master,Майстор на острието,
,Blademaster1,"""You seem a decent fellow, I hate to kill you""","""Изглеждаш ми свестен, ще трябва да те убия""",
,Bearded Dragon,Bearded Dragon,Брадат Дракон,
,Bearded Dragon1,Karate practice is a way of life,Практикуването на карате е начин на живот,
,Blue Slime,Blue Slime,Синя Слуз,
,Blue Slime1,Blueberry flavor! Mmm!,С вкус на боровинка! Мхм!,
,Crossbowman,Crossbowman,Арбалетчик,
,Crossbowman1,Hares - Nimbler than Badgers and stronger than Rabbits. They are ideal crossbowmen in the King's army,Hares - Nimbler than Badgers and stronger than Rabbits. They are ideal crossbowmen in the King's army,
,Crow Bandit,Crow Bandit,Врана Бандит,
,Crow Bandit1,They'll take your stuff and fly off,Взимат ти нещатата и отлитат,
,Cultist Blade,Cultist Blade,Култистко Острие,
,Cultist Blade1,From his hand a gold chain dangles - an idol of his leader,От ръката му виси златна верижка - идол към шефа му,
,Cultist,Cultist,Култист,
,Cultist1,The cult is a pathway to many unnatural abilities,Култът е път към много неестествени умения,
,Elder Mage,Elder Mage,Старши Магьосник,
,Elder Mage1,From his hand a gold chain dangles - an idol of his leader,От ръката му виси златна верижка - идол към шефа му,
,Ferret King,Ferret King,Цар Пор,
,Ferret King1,He'd be kind of cute if he wasn't such a violent person,"Би бил сладък, ако не беше толкова избухлив",
,Fire Gecko,Fire Gecko,Огнен Гущер,
,Fire Gecko1,"Years of training, but no match for a magical backpack","Години тренивока, но въпреки това не може да се сравянява с магичека раница",
,Frog Wizard,Frog Wizard,Жабок Магьосник,
,Frog Wizard1,Frogs know about a deep magic that appears on rare Wednesdays,"Жабоците знаят за специална магия, която се появява от време на време в сряда",
,Gerbil Ruffian,Gerbil Ruffian,Джербил Главорез,
,Gerbil Ruffian1,Rumor has it that Gerbils used to be pets before the founding of Orderia. These overgrown monsters make you doubt it.,"Има слух, че джербилите някога, преди основаването на Ордерия, били домашни животни. Тези прераснали чудовища обаче те карат да се съмняваш.",
,Glory Knight,Glory Knight,Славен Рицар,
,Glory Knight1,Courageous heroes who have lost their way,"Смели герои, които са загубили пътя си",
,Grandmaster,Grandmaster,Велик Майстор,
,Grandmaster1,The fires of this place will turn you to ashes,Огънят тук ще те превърне в пепел,
,Hawk Knight,Hawk Knight,Рицар Ястреб,
,Hawk Knight1,Noble. Screechingly loud. Pretty annoying really,"Благороден. Ужасно шумен. Много досаден, наистина",
,Hermit Crab,Hermit Crab,Рак Отшелник,
,Hermit Crab1,"Sure they're crabs, but most hermits are easier to avoid","Наистина са раци, но повечето отшелници са лесни за избягване",
,King,King,Крал,
,King1,"""All the world will be your enemy""","""Целият свят ще ти бъде враг""",
,Lil Bee,Li'l Bee,Малка Пчеличка,
,Lil Bee1,These small bees are all drones of the queen ,Всички тези малки пчелички са търтеи на кралицата,
,Living Shadow,Living Shadow,Жива Сянка,
,Living Shadow1,A dark shadow of yourself.  Doppel-get-over-it!,Твоя жива сянка. Вземи се в ръце!,
,Muskrat Brigand,Muskrat Brigand,Ондатра Разбойник,
,Muskrat Brigand1,"Tiny, spiny, they'll kick you in your... face","Малки, бодливи, ще те сритат в ... лицето",
,Newt,Newt,Тритон,
,Newt1,Newts stay in moist areas. It's pretty nasty really,Тритоните живеят във влажни местностни. Наистина доста гнусно,
,Olm,Olm,Олм,
,Olm1,Is it getting hot in here?,Горещо ли стана?,
,Pink Flower,Pink Flower,Розово Цвете,
,Pink Flower1,Beautiful but deadly,"Красиво, но смъртоносно",
,Porcupine ,Porcupine ,Бодливо Свинче,
,Porcupine1,Porcupines are usually friendly creatures. Something horrible must have happened to her,Обикновено бодливите свинчета са приятелки настроени същества. Трябва да се е случило нещо ужасно с нея,
,Purple Slime,Purple Slime,Лилава Слуз,
,Purple Slime1,Grape flavor. Delicious!,С вкус на грозде. Вкусно!,
,Queen Bee,Queen Bee,Царица Пчела,
,Queen Bee1,The queen bee commands the armies!,Царицата пчела командва армиите!,
,Rabbit,Rabbit,Заек,
,Rabbit1,The rabbit knows you are in its garden,"Заекът знае, че си в градинката му",
,Ratwolf,Ratwolf,Плъховълк,
,Ratwolf1,"The ratwolf has long patrolled these halls, killing adventurers who stray too far","Плъховълкът отдавна патрулира тези коридори, убивайки загубили се приключенци",
,Red Slime,Red Slime,Червена Слуз,
,Red Slime1,Strawberry flavor!,С вкус на ягода!,
,Repxecutioner,Repxecutioner,Гущерач,
,Repxecutioner1,These lizards are known for their legendary fighting ability,Тези гущера се славят с легендарните си бойни умения,
,Rude Rooster,Rude Rooster,Груб Петел,
,Rude Rooster1,This guy punched through his shell at 20 days old,Този пробил черупката си на 20-дневна възраст,
,Sable,Sable,Самур,
,Sable1,Sables are fierce predators,Самурите са свирепи хищници,
,Sage Toad,Sage Toad,Жабок Мъдрец,
,Sage Toad1,Wise toads are no one to be trifled with. That is all you need to know,"Не закачай мъдрите жабоци. Това е всичко, което трябва да знаеш",
,Salamander,Salamander,Саламандър,
,Salamander1,"Wary, powerful, dignified, really long tongue","Предпазливи, силни, достойни, с много дълги езици",
,Skink,Skink,Сцинк,
,Skink1,"Skinks appear silently, sneaking digits snap up treasures from the unsuspecting","Сцинковете изглежат тихи. Бързи пръсти гепят съкровища от неподозиращи жертви",
,Slime,Slime,Слуз,
,Slime1,These goopy creatures make you feel sick!,Повдига ти се от тези мръсни същества!,
,Small Ratwolf,Small Ratwolf,Малък Плъховълк,
,Small Ratwolf1,The smaller version of the ratwolves that patrol the upper layers of the dungeon,"По-малката версия на плъховълците, които патрулират горните нива на подземието",
,Snake,Snake,Змия,
,Snake1,"Poisonous, Dangerous, keep them away from planes","Отровна, опасна, дръж ги далеч от самолети",
,Speaker,Speaker,Говорителят,
,Speaker1,The speaker interprets the will of the Dark Lady,Говорителят предава волята на Тъмната Господарка,
,Travelling Warrior,Travelling Warrior,Пътуващ Воин,
,Travelling Warrior1,"Known for their fast movement and defensive abilities, these rogues are dangerous! Watch out!","Известни с бързи движения и защитни умения, тези мошеници са опасни! Внимавай!",
,Turtle,Turtle,Костенурка,
,Turtle1,Their shells are hard. Their hearts are even harder.,Черупките им са твърди. Сърцата - още повече.,
,Vole,Vole,Полевка,
,Vole1,Voles are notorious for walking off with anything that isn't nailed down,"Полевките са известни с това, че си тръгват с всичко, което не е заковано на място",
,White Flower,White Flower,Бяло Цвете,
,White Flower1,Beautiful but deadly,"Красиво, но смъртоностно",
enemy actions,ea1,Will attack for /x damage,Ще атакува за /x щета,
,ea1a,Will attack all enemies for /x damage,Ще атакува вички противници за /x щета,
,ea2,Will add /x block,Ще добави /x блок,
,ea2a,Will add /x block to all enemies,Ще добави /x блок на всички противници,
,ea3,Will heal for /x,Ще се излекува за /x,
,ea3a,Will heal all enemies for /x,Ще излекува всички за /x,
,ea4,Will not take any action,Няма да предприеме никакви действия,
,ea5,Will add /x poison,Ще добави /x отрова,
,ea6,Will add /x burn,Ще добави /x изгаряне,
,ea7,Will add /x regeneration,Ще добави /x регенерация,
,ea7a,Will add /x regeneration to all enemies,Ще добави /x регенеразия на всички противници,
,ea8,Will add /x spikes,Ще добави /x шипове,
,ea8a,Will add /x spikes to all enemies,Ще добави /x шипове на всички противници,
,ea9,Will add /x dodge,Ще добави /x отбягване,
,ea9a,Will add /x dodge to all enemies,Ще добави /x отбягване на всички противници,
,ea10,Will add /x slow,Ще добави /x мудност,
,ea11,Will add /x weak,Ще добави /x слабост,
,ea12,Will summon an enemy,Ще призове противник,
,ea13,Will deal /x vampirism,Ще направи /x вампиризъм,
,ea14,Will add one of these curses:,Ще добави едно от следните проклятия:,
,,,,
,,,,
,,,,
,,,,
,,,,
,,,,
,,,,
,,,,
Levels,The Crypt,The Crypt,Криптата,
,The Bramble,The Bramble,Храсталакът,
,Deep Cave,Deep Cave,Дълбоката пещера,
,Enchanted Swamp,Enchanted Swamp,Омагьосаното Блато,
,Magma Core,Magma Core,Магменото Ядро,
map events,map1,Enemies here:,Противници тук:,
,map2,Exit to: /x,Изход към: /x,
,map3,A chest of valuables!,Ковчеже със скъпоценности!,
,map4,An unknown event is here!,Тук има неизвестно събитие!,
,map5,A merchant is selling goods here!,Тук търговец продава стоката си!,
,map6,A locked door! I need a key!,Заключена врата! Трябва ми ключ!,
,map7,A healer!,Лечител!,
,mapPurse,There I am! I have been doodling on the map,Това съм аз! Драсках си по картата,
,mapSatchel,That's me! I think I spilled some coffee on the map,"Това съм аз! Мисля, че разлях кафе по картата",
character select,characterSelect,Character Select,Избиране на персонаж,
,purse,purse,портмоне,
,purse1,"A peppy rat from a poor village in Oakshire Forest, she aims to storm the dungeon, rebuild her village, and save her family!","Бодър плъх от бедно селце в Дъбов Лес. Целта ѝ е да щурмува подземието, да възстанови селцето си и да спаси семейството си!",
Events,,,,///////////////I is intros and f is farewells
,evg,/x gold,/x злато,indicating a cost of x gold
,,,,
,evtn,Welcome to the dungeon!,Добре дошъл в подземието!,
,evto1,You must conquer the dungeon by delving deep to the center to discover the ancient cheeses hidden there. You are armed only with your magic backpack.,"Трябва да превземеш подземието като слизаш все по-надълбоко към центъра му, за да откриеш древните сирена. Въоръжен си само с магическата си раница.",
,evtb1,I'm ready!,Готов съм!,
,evtb1o1,"You head into the dungeon, knowing very few make it back alive!","Влизаш в подземието, знаейки, че не всички се връщат обратно!",
,,,,
,evten,The end?,Край?,
,evteo1,You have made it to the center of the dungeon and have found the golden cheese! More content is coming! Please join our discord and show off your  backpack!,"Стигна до центъра на подземието и намери златното сирене! Предстои още съдържание! Ела в discord-а ни, за да си покажеш раницата!",
,evteb1,Continue in Endless Mode,Продължи в безкраен режим,
,evteb1o1,You continue forward! Things are about to get pretty hard...,Продължаваш напред! Нещата ще станат наистина трудни...,
,evteb2,New game!,Нова игра!,
,evteb2o1,You decide to start again to get new cheese!,Решаваш да започнеш отново в търсене на ново сирене!,
,,,,
,,,,
,,,,
,,,,
,,,,
,evldn,Locked door,Заключена врата,
,evldo1,You encounter a locked door. Will you open it?,Пред теб има заключена врата. Ще я отвориш ли?,
,evldb1,Unlock the door,Отключи вратата,
,evldb1o1,You open the door.,Отворяш вратата.,
,evldb2,Leave,Излез,
,evldb2o1,You leave the door.,Оставяш вратата зад себе си.,
,,,,
,,,,
,,,,
,ev1n,The master returns,Господарят се върна,
,ev1o1,"You see him from a distance, kneeling yet noble. It seems he saw you long before. His mouse eyes are strong and piercing. You feel that he sees into your soul... 'May I help you further?' he asks. 'A few coins and I will give you an item for archers.'","Виждаш го от разстояние, клечащ, но благороден. Изглежда, че е видял отдавна. Мишите му очи са пронизващи. Имаш чувството, че гледа в душата ти... 'Мога ли да ти помогна?' те пита той. 'За няколко монети ще ти дам предмет за стрелци.'",
,ev1b1,Get an item,Вземи предмет,
,ev1b1o1,"He takes the coins and rubs them in his mouse paw. ""Just a few will do nicely. I hope this can help you further,"" he says.","Той взима парите ти и ги потрива в мишата си лапа. ""Само няклко ще свършат работа. Надявам се това а ти помогне"", казва той.",
,ev1b1o1t1,Fly true like an arrow,Лети като стрела,
,ev1b1o1t2,Be one with your aim,Be one with your aim,
,ev1b2,Not for me,Не за мен,
,ev1b1o2t,"I understand, he says and leans against the nearby wall. ""Don't worry. Archers are coming soon. The dungeon will improve with time.""","""Разбирам"", казва той и се подпира на близката стена. ""Не се притеснявай. Стрелците ще дойдат скоро. С време подземието ще се подобри.""",
,ev1b1o2t1,Archery requires time.,Стрелбата с лък отнема време.,
,ev1i1,The arrow flies straight.,Стрелата лети право.,
,ev1i2,The path of an arrow - to the heart,Пътят на стрелата - до сърцето,
,ev1i3,Archery is an art,Стрелбата с лък е изкуство,
,ev1i4,Arrows require patience,Стрелите изискват търпение,
,ev1f1,May we meet again,Дано да се срещнем пак,
,ev1f2,In another life...,В друг живот...,
,ev1f3,Fly straight,Лети напред,
,ev1f4,Aim true,Прицелвай се точно,
,ev1f5,Bullseye.,Право в целта.,
,ev1f6,Stay in range,Стой в обхват,
,,,,
,ev2n,Master Archer,Mайстор Стрелец,
,ev2o1,"You see him from a distance, kneeling yet noble. It seems he saw you long before. His mouse eyes are strong and piercing. You feel that he sees into your soul... ""A trade my sibling?"" he asks. ""Discard the tools of badgers. Be one with flight.""","Виждаш го от разстояние, клечащ, но благороден. Изглежда, че е видял отдавна. Мишите му очи са пронизващи. Имаш чувството, че гледа в душата ти...  ""Сделка за сродна душа?"" те пита той. ""Изхвърли инструментите на язовците. Бъди свободен.""",
,ev2b1,"Give a weapon, get archery kit.","Дай оръжие, вземи комплект за стрелба.",
,ev2b1o1,"He takes the weapon and tosses it into the darkness. ""This is not a weapon. It is a crutch."" He hands you new items.","Той взима оръжието и го мята в мрака. ""Това не е оръжие, а патерица!"" И ти дава новите предмети.",
,ev2b1o1t1,Welcome to the school of archery.,Добре дошъл в школата по стрелба.,
,ev2b2,Not for me,Не е за мен,
,ev2b2o1,"I understand, he says and leans against the nearby wall. ""Don't worry. Archers are coming soon. The dungeon will improve with time.""","Разбирам, казва и се подпира на близката стена. ""Не се притеснявай. Стрелците ще дойдат скоро. С време подземието ще се подобри.""",
,ev2b2o1t1,Archery requires time.,Стрелбата с лък отнема време.,
,,,,
,ev3n,The retiring Chef,Готвачът пенсионер,
,ev3o1,"Age has crept in around his snout. You can see the white fur and shaggy edges from around his coat. ""I'm getting out of the game,"" he says. ""If you have something to eat, I might as well give you my cleaver.""","Възрастта е видимо пропълзяла по муцуната. Виждаш бяла козина and рошави краища по козината му. ""Пенсионирам се вече,"" казва той. ""Ако имаш нещо за ядене, може да ти дам сатъра си.""",
,ev3b1,Trade food for a cleaver,Размени храна за сатър,
,ev3b1o1,"Looks good to me, he says. You can't believe that he eats the whole thing without a moment's thought. ""Here you go,"" he says and hands you his chef knife. ""I won't be needing this any more.""","""Изглежда вкусно"", казва той. Не можеш да повярваш, че го изяжда толкова бързо и без да му мигне окото. ""Ето,"" казва той и ти връчва касапския си сатър. ""Това повее няма да ми трябва.""",
,ev3b1o1t1,I loved that knife. Use it well!,Обичах този нож. Използвай го със здраве!,
,ev3b1o1t2,I hope you like it!,Надявам се да ти хареса!,
,ev3b2,No thanks!,"Не, благоаря!",
,ev3b2o1,You turn to leave.,Обръщаш се и си тръгваш.,
,ev3b2o1t1,Sure you won't change your mind?,"Сигурен ли си?",
,ev3i1,Ah! Hope you aren't too hungry.,А! Надявам се не си прекалено гладен.,
,ev3i2,Oh my!,Леле мале!,
,ev3f1,Eat well!,Храни се добре!,
,ev3f2,Be well fed!,Бъди винаги добре нахранен!,
,ev3f3,Taste victory!,Вкуси победата!,
,ev3f4,Stay full!,Бъди сит!,
,ev3f5,Find cheese!,Търси сиренето!,
,ev3f6,Welcome! Eat well!,Добре дошъл! Храни се добре!,
,ev3f7,Ah! A customer!,А! Клиент!,
,,,,
,ev4n,Chef's platter,Платото на готвача,
,ev4b1,Buy some food!,Купи си храна!,
,ev4b1o1,"Very good, he says. ""Another perhaps?""","""Много добре"", казва той. ""Може би още едно?""",
,ev4b2,"No, thank you","Не, благодаря ти",
,ev4b2o1,"Very good sir, he says. ""But please do change your mind.""","""Много добре"", казва той. ""Но те моля да си промениш решението.""",
,ev4b2o1t1,More food to be had!,Има още храна за ядене!,
,ev4b2o1t2,Eat again!,Яж отново!,
,,,,
,ev5n,Eyes,Очо,
,ev5o1,The wall splits open. Inside you can see a vast abyss. Green eyes peer in. You recognize them as the eyes of a predator. Strange sounds echo from the place and an offer is made...,Стената се отваря пред теб. Вътре виждаш бездънна бездна. От нея гледат зелени очи. Разпознаваш ги като очи на хищник. Ехтят странни звуци и получаваш оферта...,
,ev5b1,Take a rare item for a curse,Вземи рядък предмет и проклятие,
,ev5b1o1,You can feel an acknowledgement and an item appears. The eyes watch as a horrible curse is placed in your backpack,Чувстваш признание и един предмет се появява. Очите гледат как в раницата ти се появява ужасно проклятие,
,ev5b1o2,"Two items appear in front of you, but a horrible curse has been placed upon you. The eyes give no sign of emotion.","Два предмета се появяват пред теб, но те сполетява и ужасно проклятие. Очите не показват никаква емоция.",
,ev5b2,No thanks,"Не, благодаря",
,ev5b2o1,The eyes watch you. They show no sign of emotion. ,Очите те гледат без следа от емоция. ,
,ev5i1,01100111 01101111 01101110 01100101,01100111 01101111 01101110 01100101,
,ev5i2,01110111 01100001 01110010,01110111 01100001 01110010,
,ev5i3,01101101 01100001 01101011 01100101 01110010 01110011,01101101 01100001 01101011 01100101 01110010 01110011,
,ev5f1,01110010 01100101 01101100 01101001 01100011 01110011,01110010 01100101 01101100 01101001 01100011 01110011,
,ev5f2,01100100 01100001 01101110 01100111 01100101 01110010,01100100 01100001 01101110 01100111 01100101 01110010,
,ev5f3,01100001 01101000 01100101 01100001 01100100,01100001 01101000 01100101 01100001 01100100,
,,,,
,ev6n,Brandy the Otter,Бранди Видрата,
,ev6o1,"Well, howdy! she says as you approach! Her nose wiggles and she shakes her gigantic tail. ""I've been doing some fishing. Care to buy one?""","""Ехо, здрасти!"", казва тя като я приближаваш! Носът и се Her nose мърда, докато разтърся голямата си опашка. ""Бях на риболов. Искаш ли да си купиш риба?""",
,ev6b1,Buy a fish!,Купи риба!,
,ev6b1o1,"She tosses you a fish. ""Care for another?""","Тя ти подхвърля една риба. ""Искаш ли още?""",
,ev6b1o1t1,Hope you enjoy it!,Нядявам се да ти хареса!,
,ev6b1o1t2,That's good!,Добре!,
,ev6b2,No thanks,"Не, благодаря",
,ev6b2o1,You say no. The smell is starting to get to be a bit much.,Казваш не. Миризмата започва та става прекалена.,
,ev6b2o1t1,I'm still here if you want more!,Ще съм тук ако искаш още!,
,ev6b2o1t2,"If you want a fish, let me know!","Ако искаш риба, само ми кажи!",
,ev6i1,Well howdy traveler!,"Здравей, пътнико!",
,ev6i2,"Nothing like a good fish, ya hear?","Няма нищо по-хубаво от прясна риба, нали?",
,ev6i3,I'm hungry! Need to chomp!,Гладна съм! Трябва да хапна!,
,ev6i4,Oh! Well how ya' doin' friend?,"Оу! К'во става, приятел?",
,ev6i5,Mmm... hi howdy there!,Ммм... здрасти!,
,ev6f1,See you again soon!,До скоро!,
,,,,
,ev7n,The Forge - Shield,Ковачницата - Щит,
,ev7o1,"A badger stands by her anvil. Her arms strong and resilient from years spent in the dungeon. She nods at you. ""I forge,"" she says. Badgers aren't much for words. ""Upgrade?"" she asks.","Язовец стои до наковалнята си. Ръцете ѝ са силни и жилави от годините, прекарани в подземието. Кима към теб и казва ""Аз кова."". Язовците не се славят с красноречие. ""Подобрение?"" те пита тя.",
,ev7b1,Add 4 block,Добави 4 блок,
,ev7b1o1,"She takes your shield and strikes it. A ring echoes out through the dungeon. ""Weak,"" she says. ""Make better."" With a few precise blows she reshapes the shield. You didn't know it could look this good.","Тя взима щита ти ги запозва да го удря. Звън проехтява из подземието. ""Слабо,"" казва тя. ""Правя по-добро."" С няколко точни удара тя преправя щита. Не знаеше, че може да изглежда толкова добре.",
,ev7b1o1t1,You enjoy.,Радвай му се.,
,ev7b2,Add 1 spike,Добави 1 шип,
,ev7b2o1,"She takes your shield and strikes it. A ring echoes out through the dungeon. ""Weak,"" she says. ""Make better."" With a few precise blows she reshapes the shield. You didn't know it could look this good.","Тя взима щита ти ги запозва да го удря. Звън проехтява из подземието. ""Слабо,"" казва тя. ""Правя по-добро."" С няколко точни удара тя преправя щита. Не знаеше, че може да изглежда толкова добре.",
,ev7b2o1t1,Better now.,По-добре сега.,
,ev7b3,Add 1 haste,Добави 1 скорост,
,ev7b3o1,"She takes your shield and strikes it. A ring echoes out through the dungeon. ""Weak,"" she says. ""Make better."" With a few precise blows she reshapes the shield. You didn't know it could look this good.","Тя взима щита ти ги запозва да го удря. Звън проехтява из подземието. ""Слабо,"" казва тя. ""Правя по-добро."" С няколко точни удара тя преправя щита. Не знаеше, че може да изглежда толкова добре.",
,ev7b3o1t1,Work fun.,Работа забавна.,
,ev7b4,No thanks,"Не, благодаря",
,ev7b4o1,She nods and carries on her work.,Тя кима и продължава с работата си.,
,ev7b4o1t1,Work to do.,Има работа.,
,ev7b4o1t2,No want?,Не иска?,
,ev7b4o1t3,Still here...,Още си тук...,
,ev7i1,This my forge,Това е наковалнята ми,
,ev7i2,Welcome to forge,Добре дошъл в ковачницата,
,ev7i3,I am a crafter,Аз съм майстор,
,ev7i4,I craft for ages...,Кова от векове...,
,ev7f1,Be well,Бъди здрав,
,ev7f2,Be strong,Бъди силен,
,ev7f3,Be fierce,Бъди свиреп,
,ev7f4,Be like Badger,Бъди като язовец,
,,,,
,ev8n,The Forge - Weapon,Ковачницата - Оръжие,
,ev8o1,"A badger stands by her anvil. Her arms strong and resilient from years spent in the dungeon. She nods at you. ""I forge,"" she says. Badgers aren't much for words. ""Upgrade?"" she asks.","Язовец стои до наковалнята си. Ръцете ѝ са силни и жилави от годините, прекарани в подземието. Кима към теб и казва ""Аз кова."". Язовците не се славят с красноречие. ""Подобрение?"" те пита тя.",
,ev8b1,Add 5 damage,Добави 5 щета,
,ev8b1o1,"She takes your weapon, turns it a few times, and then presses it to her anvil. Her hammer sends sparks flying and you turn around to cover your eyes. When you turn back, your weapon glows with a new purpose.","Тя ти взима оръжието, заърта го няколко пъти, а след това го поставя на наковалнята. Чукът ѝ изпраща искри навсякъде, а ти се обръщат, за да си скриеш очите. Когато се обръщаш обратно, оръжето ти блести с нови искра.",
,ev8b1o1t1,I help,Помагам,
,ev8b2,Add 2 Poison,Добави 2 Отрова,
,ev8b2o1,"She takes your weapon, turns it a few times, and then presses it to her anvil. Her hammer sends sparks flying and you turn around to cover your eyes. When you turn back, your weapon glows with a new purpose.","Тя ти взима оръжието, заърта го няколко пъти, а след това го поставя на наковалнята. Чукът ѝ изпраща искри навсякъде, а ти се обръщат, за да си скриеш очите. Когато се обръщаш обратно, оръжето ти блести с нови искра.",
,ev8b2o1t1,I help,Помагам,
,ev8b3,Add 1 rage,Добави 1 ярост,
,ev8b3o1,"She takes your weapon, turns it a few times, and then presses it to her anvil. Her hammer sends sparks flying and you turn around to cover your eyes. When you turn back, your weapon glows with a new purpose.","Тя ти взима оръжието, заърта го няколко пъти, а след това го поставя на наковалнята. Чукът ѝ изпраща искри навсякъде, а ти се обръщат, за да си скриеш очите. Когато се обръщаш обратно, оръжето ти блести с нови искра.",
,ev8b3o1t1,I help,Помагам,
,ev8b4,No thanks,"Не, благодаря",
,ev8b4o1,She nods and carries on her work.,Тя кима и продължава с работата си.,
,ev8b4o1t1,Work to do.,Има работа.,
,ev8b4o1t2,No want?,Не иска?,
,ev8b4o1t3,Still here...,Още си тук...,
,,,,
,ev9n,Healer,Лечител,
,ev9o1,The porcupine's have travelling clinics throughout the dungeon. They seek to heal the animals who venture deep into the dangers here.,"Бодливите свинчета имат пътуващи клиники из подземието. Те лекуват животни, които са слезли надълбоко.",
,ev9b1,Heal 25 health,Излекувай 25 живот,
,ev9b1o1,"She runs her paw across your wounds. The quills on her back shake and you are lost in the sound of them. When you come to, many wounds are healed.","Тя прекарва лапи през раните ти. Бодлите по гърба ѝ се тресат и ти се унасяш в звъненето им. Когато се свестяваш, раните ти са излекувани.",
,ev9b1o1t1,You look stronger my dear!,"Изглеждаш по-силен, скъпи мой!",
,ev9b1o1t2,Glad to have helped you!,"Радвам се, зе можах да помогна!",
,ev9b1o1t3,I am here for you!,Тук съм за теб!,
,ev9b1o1t4,Those wounds are gone.,Раните ти изчезнаха.,
,ev9b2,Gain 5 max health ,+5 максимум живот ,
,ev9b2o1,"She reaches out to you. You feel a great strength in you rising. Your paws are firmly planted, but it almost feels that you are floating.","Тя се пресяга към теб. Чувства голяма сила да се надига в теб. Лапите ти са здраво стъпили, но имаш чувството че летиш.",
,ev9b2o1t1,You are stronger now than before.,Сега си по-силен от всякога.,
,ev9b2o1t2,I see your strength.,Виждам силата ти.,
,ev9b2o1t3,May you achieve what seemed impossible.,Дано да постигнеш невъзможното.,
,ev9b2o1t4,Your bravery astounds me.,Смелостта ти ме удивява.,
,ev9b3,Remove all curses,Махни всички проклятия,
,ev9b3o1,"I sense a great disturbance, she says. ""Something horrible has been placed in your backpack. Let me see."" She removes a single quill and pokes it into your bag carefully in several spots. ""That should do it,"" she says.","""Усещам голямо смущение"", казва тя. ""Има нещо ужасно в раницата ти. Дай да видя."" Тя взима един от бодлите си и започва да ръчка по раницата ти. ""Това трябва да е достатъчно,"" казва тя.",
,ev9b3o1t1,The curses can't hurt you now.,Проклятията не могат да ти навредят повече.,
,ev9b3o1t2,Your backpack is a true friend.,Раницата ти е истински приятел.,
,ev9b3o1t3,Curses are temporary.,Проклятията са временни.,
,ev9b3o1t4,Heroics are forever.,Георизмът е вечен.,
,ev9b4,Nothing for me,Нищо за мен,
,ev9b4o1,Very well she says.,"""Много добре"", казва тя.",
,ev9b4o1t1,We are with you,С теб сме,
,ev9i1,Welcome to our healing center!,Добре дошъл в лечебния ни център!,
,ev9i2,We are here to protect the brave!,Ние сме тук да защитаваме смелите!,
,ev9i3,"Come hero, let me heal you!","Ела, нека те излекувам!",
,ev9f1,Stay safe!,Пази се!,
,ev9f2,My sisters are here for you!,Сестрите ми са тук за теб!,
,ev9f3,May we meet again!,Дано се срещнем пак!,
,,,,
,ev10n,Magic Font,Магически Извор,
,ev10o1,"Nestled deep in a throng of mushrooms you see a magical font, its cool waters flowing. Above the water, a humid mist circles and spills over the edge. In the distance  you hear frogs croaking... no... chanting.","Сгушен дълбоко насред гора от гъби, виждаш магически извор. Хладните му води пръскат наоколо. Над водата, влажна мъгла се разлива над ръба. В далечината чуваш жабожи да крякат ... не... да припяват.",
,ev10b1,Say a prayer...[+3 max hp],Пожелай си нещо...[+3 максимум живот],
,ev10b1o1,"You wish to make it home safely, your backpack overflowing with rare cheeses. You feel a warmth in you. You can do this!","Пожелаваш си да се прибереш вкъщи безопасно, раницата ти се препълва с редки сирена. Чувстваш топлина в себе си. Можеш да го направиш!",
,ev10b2,take a bath [+15 hp],Изкъпи се [+15 живот],
,ev10b2o1,The water feels warm and relaxing on your skin. The croaking grows louder. From behind a mushroom a frog nods at you. Your wounds are healed.,"Водата е хладна и успокояваща по козината ти. Крякането става по-силно. Зад една от гъбите, една жаба ти кима. Раните ти са излекувани.",
,ev10b3,Kick it over! [Start a battle!],Срирай то! [Започва битка!],
,ev10b3o1,"You watch the water as it flows across the floor of the dungeon. It pools up around the feet of an enemy. You look up. The frogs are not happy. ""Zealot!"" they cry and attack!","Гледаш как водата се стича по пода на подземието. Образува локва в краката на противник. Поглеждаш нагоре. Жабите не изглеждат доволни. Атакуваш ги с викове ""Фанатици!""!",
,,,,
,ev11n,Buckler-o,Бъклер-о,
,ev11extra,Drop the li'l Buckler! You can take the item you land on!,"Пусни малкия щит! Можеш да вземеш предмета, върху който падне!",
,ev11i1,Nothing up my sleeves!,Нямам нищо в ръкавите!,
,ev11i2,My left foot is lucky!,Лявото ми краще е късметлийско!,
,ev11i3,My house looks like a hat!,Къщата ми прилича на цилиндър!,
,ev11f1,Magical!,Магическо!,
,,,,
,ev12n,The Alchemist,Алхимикът,
,ev12o1,"Well hello there. Her voice is cool and friendly - not what you expected. ""May I interest you in some potions? In return... I ask for just a taste."" ""A taste? Of me?"" you ask. ""Just a nibble darling,"" she says. ""You'll barely feel a thing.""","""О, здравей"". Гласът е спокоен и приятен - не какъвто очакваше. ""Мога ли да те заинтересуват с отвари? В замяна... Искам само да опитам."" ""Да опиташ? От мен?"" я питаш ти. ""Само хапка, скъпи,"" казва тя. ""Едва ще усетиш нещо.""",
,ev12b1,Get a potion. [Lose 5 health],Вземи отваря. [-5 живот],
,ev12b1o1,"Her teeth press into your neck. ""Oh delicious. May I tempt you again?""","Зъбите ѝ се впиват във врата ти. ""О колко вкусно. Бих ли могла да те изкуша отново?""",
,ev12b2,No thanks!,"Не, благодаря!",
,ev12b2o1,"Very well darling, she says. ""Though I am sorry to see you go.""","""Много добре, скъпи"", казва тя. ""Въпреки че съжалявам, че си тръгваш.""",
,ev12b2o1t1,"Your loss, my sweet.","Ти губи, сладък.",
,ev12i1,"So vital. Mmm, delicious.","Толкова жизенен. Ммм, вкусно.",
,ev12i2,The proper ingredients for the potion...,Правилните съставки за отвара...,
,ev12i3,We brew what we can  to do what we must,"Варим каквото можем, за да правим каквото трябва",
,ev12i4,"A drop of red, a drop of green...","Червена капка, зелена капка...",
,ev12f1,My dear there are reasons why things are as they are.,"Има причина нещата да са такива, каквито са, скъпи",
,ev12f2,Come freely. Go safely darling.,"Идвай когато искаш. Върви си със здраве, скъпи.",
,,,,
,ev13n,Trading up,Замяна,
,ev13o1,"Your snout wiggles as you inhale a musky odor. Someone here is in need of a bath. You turn around and standing there is a rat. You never heard him come out. ""Let's make a trade."" he says. ""I'll give you a rarer item of the same type...""  He chuckles. There are no guarantees.","Муцуната ти Your snout потръпва, когато вдишваш  as you inhale a мускусен аромат. Някой тук има нужда от баня. Обръщаш се и виждаш пред теб да стои плъх. Не си чул кога е дошъл. ""Нека направим сделка."", казва той. ""Ше ти дам по-рядък предмет от същия вид..."", подхилва се той. ""Не давам гаранции.""",
,ev13b1,Get a rarer item of the same type,Вземи по-рядък предмет от същия вид,
,ev13b1o1,"He takes the item and examines it. ""How's this for a trade?"" There's no time to say no.","Той взима предмета и го изследва. ""Какво мислиш за тази размяна?"" Нямаш време да кажеш не.",
,ev13b1o1t1,Hehehe,Хехехе,
,ev13b1o1t2,Hope ya' like it,Надя'ам се да го харесаш,
,ev13b1o1t3,No take backsies,Без връщанки,
,ev13b2,No thanks,"Не, благодаря",
,ev13b2o1,"You see his tail flick ominously beneath his cloak. A smile crosses his lips. ""Come now,"" he says. ""I think you'll see it's in your interest.""","Вижаш опашката му да се мята зловещо под наметалото му. Усмивка се промъква на устните. ""Ела"", казва той. ""Ще видиш, че това е в твой интерес.""",
,ev13b2o1t1,Don't resist this deal,Не можеш да устоиш на тази сделка,
,ev13b2o1t2,Let me tempt you,Нека те изкуша,
,ev13b2o1t3,"Come now, let's trade","Ела да търгуваме",
,ev13i1,What are ya' trading?,Какво търгуваш?,
,ev13i2,Lets make a deal!,Нека направим сделка!,
,ev13i3,Care to do a trade?,Интересуваш ли се от сделка?,
,ev13f1,He he he,Хе хе хе,
,ev13f2,What a sucker...,Ама че загубеняк...,
,,,,
,ev14n,Shady Trader,Съмнителен Търговец,
,ev14o1,"His cloak billows as he steps out from the shadows. ""We can make a trade, you and I."" he says. You know risks are involved.","Наметалот се подмята когато той приситъпва от сенките. ""Може да напраим размяна, ти и аз."", казва той. Знаеш, че има риск.",
,ev14b1,Get a different item of the same rarity,Вземи различен предмет от същата рядкост,
,ev14b1o1,He takes your item and from his cloak pulls a replacement.,Той взима предмета ти и вади друг в замяна от наметалото си.,
,ev14b2,No thanks!,"Не, благодаря!",
,ev14b2o1,"Very well, he says. ""But can I perhaps change your mind?""","""Много добре"", казва той. ""Може би ще мога да ти променя решението?""",
,ev14b2o1t1,The offer still stands.,Офертата остава.,
,,,,
,ev15n,squirrel patrol,Патрулираща Катерица,
,ev15o1,"The squirrel looks at you absent mindedly. ""Long ago I retired from the patrol"", he says. ""Now I spend my days adventuring and reliving my glory days. I don't need much of my old equipment anymore. Can I interest you in something?""","Какерицата те гледа разсеяно. ""Отдавна се пенсионирах от патрула"", казва той. ""Сега прекарвам дните си в приключения и преживявам славните си дни. Но вече не ми трябва старата екипировка. Бих ли те заинтересувал с нещо?""",
,ev15b1,"""I'll take a shield""","""Ще взема щит""",
,ev15b1o1,"From beneath his bushy tail, he pulls a shield. ""This may protect you. Remember, loot is only valuable if you make it back alive.""","Той изкарва един щит изпод гъстата си опашка. ""Това ще те защити. Не забравяй, че плячката е ценна, само ако излезеш жив.""",
,ev15b1o1t1,I hope the shield serves you well!,Надявам се щитът да ти служи добре!,
,ev15b2,"""I'll take a weapon""","""Ще взема оръжие""",
,ev15b2o1,"He reaches into his tunic and pulls out a weapon, tossing it to you.","Той бърка в туниката си, вади оръжие и ти го подхвърля.",
,ev15b2o1t1,Strike down any who oppose the patrol!,"Срази противниците на патрула!",
,ev15b2o1t2,The patrol lives by these weapons!,Патрулът живее чрез тези оръжия!,
,ev15b3,Maybe something to eat,Може би нещо за ядене,
,ev15b3o1,"He scratches at the ground. Beneath his feet is a mound of nuts and hidden among them, many a delicious food.","След известно драскане по земята, в краката мусе появяват купчина ядки и друга вкусна храна.",
,ev15b3o1t1,An army marches on its stomach!,Дори и армията марширува на пълен стомах!,
,ev15b3o1t2,Better than what we used to eat on the patrol.,"По-добре от това, което ядохме в патрула.",
,ev15i1,Hark! You are greeted by a member of the patrol!,Слушай! Поздравява те член на патрула!,
,ev15f1,Long live the patrol!,Да живее патрулът!,
,ev15f2,The patrol shall conquer!,Патрълът ще пребъде!,
,ev15f3,"In retirement, I still patrol!","Дори в пенсионер, аз все още патрулирам!",
,,,,
,ev16n,Statue of Anna,Статуя на Ана,
,ev16o1,"Inscribed on the statue: ""Anna bestowed gifts The world felt safe in her arms healer in a fire""","На статуята е гравирано: ""Анна беше дар на света, той беше по-безопасен в нейните лековити огнени ръце""",
,ev16b1,Gain 5 max hp,+5 максимум живот,
,ev16b1o1,You leave a coin. Then kneel before the statue and say a prayer. Anna somehow seems to reflect light even in this dark place.,Оставяш монето. След това коленичиш и казваш молитва. Светлината на Ана сякаш достига дори и това тъмно място.,
,ev16b2,Steal coins [Get 10 gold or a fight begins],Открадни монети [+10 злато или започва битка],
,ev16b2o1,Travelers leave coins by the statue as a token for their prayers. You decide that Anna won't miss just a few.,"Пътешественице оставят монети до статуята с молитвите си. Решаваш, че на Ана няма да ѝ липсват няколко.",
,ev16b2o2,"You approach the statue to grab a few coins. As the coins jingle, you turn to see an approaching group of enemies.","Приближаваш се до статуята, за да вземеш няколко монети. Подрънквай ги в ръка, се обръщаш и виждаш наближаваща група противници.",
,ev16b3,Излез,Излез,
,ev16b3o1,You say a quick prayer. You decide to leave the statue behind.,Казваш бърза молитва. Решаваш да оставиш статуята зад себе си.,
,,,,
,ev17n,A Red fox in the dark,Червена лисица в тъмното,
,ev17o1,"The fox steps out from the shadows. ""Natural prey."", he says. ""If we battle, I shall make short work of you. Be ye friend or foe?""","Лисицата излиза от сенките. ""Естествената ми плячка."", казва той. ""Ако се бием, ще ти видя сметката много бързо. Приятел ли си или враг?""",
,ev17b1,I'm a friend!,Приятел!,
,ev17b1o1,He nods and steps aside to let you pass. Your tail twitches instinctively. You're lucky he let you live.,"Той ким и те оставя да минеш покрай него. Опашката ти трепери инстинктивно. Късметлия си, че те остави да живееш.",
,ev17b1o1t1,Be gone then!,"Тръгвай, тогава!",
,ev17b1o1t2,Don't make me regret it!,Не ме край да съжалявам!,
,ev17b1o1t3,I shall watch you.,Ще те наблюдавам.,
,ev17b2,I'm a foe! [Start Combat],Враг! [Започва битка],
,ev17b2o1,He draws his sword. Slowly sizing you up...,Той вади меча си. Бавно преценявайки те се поглед...,
,ev17b2o2,"He draws his sword... and then... stops. ""Ha!"" he laughs. ""A rat with the heart of a fox. I respect you. You may have my blade.""","Той вади меча си... и... спира. ""Ха!"", смее се. ""Плъх със сърце на лисица. Спечели уважението ми. Можеш да вземеш и меча ми.""",
,ev17b2o2t1,I respect your courage,Уважавам куража ти,
,ev17i1,Fear me brigand!,"Страхувай се от мен, разбойнико!",
,ev17i2,"Oh look, a weak little rat.","Я виж ти, дребен слаб плъх.",
,ev17i3,"If I was hungry, you'd be dead already.","Ако бях гладен, вече щеше да си мъртъв.",
,ev17f1,Don't make me regret it!,Не ме карай да съжалявам!,
,ev17f2,I've never spared a life before.,Никога досега не бях пощадявал живот.,
,ev17f3,I shall be watching you.,Ще те наблюдавам.,
,,,,
,ev18n,shamanic turtle,Шаманска Костенурка,
,ev18o1,"A waft of smoke passes by your nose. What is that? You smell a lot of strange things in the swamp, but ritual smoke of the turtles has an unmistakable order. Smells sweet like chocolate. Smells like they need to wash their shell too. ""Our magic is a gamble."" she says to you. ""Will you let fate guide you?""","Полъх на пушек стига до носа ти. Какво е това? Подушваш много странни неща в блатото, но ритуалния пушек на костенурките има много специфична миризма. Мирише сладко като шоколад. Мирише и като че трябва да си изперат черупките. ""Магията ни е хазарт."", ти казва тя. ""Ще оставиш ли съдбата да те води?""",
,ev18b1,80% legendary 20% other,80% легендарнен 20% друг,
,ev18b1o1,"Fortune favors you and a legendary item appears at the base of her staff. ""Lucky"", she says.","Съдбата те благославя и в основата на тоягата ѝ се появява легендарен предмет. ""Късметлия"", казва тя.",
,ev18b1o2,"Alas, she says. ""The spirits are not speaking today. Perhaps this item can still be useful to you.""","""Уви"", казва тя. ""Духовете не говорят днес. Може би и този предмет ще ти е полезен.""",
,ev18b2,70% legendary 30% other,70% легендарен 30% друг,
,ev18b2o1,"Fortune favors you and a legendary item appears at the base of her staff. ""Lucky"", she says.","Съдбата те благославя и в основата на тоягата ѝ се появява легендарен предмет. ""Късметлия"", казва тя.",
,ev18b2o2,"Alas, she says. ""The spirits are not speaking today. Perhaps this item can still be useful to you.""","""Уви"", казва тя. ""Духовете не говорят днес. Може би и този предмет ще ти е полезен.""",
,ev18b3,50% legendary 50% other,50% legendary 50% other,
,ev18b3o1,"Fortune favors you and a legendary item appears at the base of her staff. ""Lucky"", she says.","Съдбата те благославя и в основата на тоягата ѝ се появява легендарен предмет. ""Късметлия"", казва тя.",
,ev18b3o2,"Alas, she says. ""The spirits are not speaking today. Perhaps this item can still be useful to you.""","""Уви"", казва тя. ""Духовете не говорят днес. Може би и този предмет ще ти е полезен.""",
,ev18b4,10% legendary 90% other,10% legendary 90% other,
,ev18b4o1,"Fortune favors you and a legendary item appears at the base of her staff. ""Lucky"", she says.","Съдбата те благославя и в основата на тоягата ѝ се появява легендарен предмет. ""Късметлия"", казва тя.",
,ev18b4o2,"Alas, she says. ""The spirits are not speaking today. Perhaps this item can still be useful to you.""","""Уви"", казва тя. ""Духовете не говорят днес. Може би и този предмет ще ти е полезен.""",
,ev18b5,No thanks!,"Не, благодаря!",
,ev18b5o1,She nods her head,Тя кима с глава,
,ev18i1,Hey - cute little one!,"Хей - сладък, малък!",
,ev18i2,Come here let me pinch your cheek.,Ела тук и ми дай да те ощипя по бузата.,
,ev18f1,Goodbye child.,"Чао, дете.",
,ev18f2,Come back soon now!,Да се върнеш скоро!,
,ev18f3,"You stay away from deep water, okay?","И стой далеч от дълбоките води, ок?",
,,,,
,ev19n,Wheel,Колелото,
,ev19o1,Spin the wheel!,Завърти колелото!,
,ev19i1,Spin the choice!,Завърти избора!,
,ev19i2,Will you take a spin?,Ще направиш ли една врътка?,
,ev19i3,Spin and see what you get!,Завърти колелото и виж какво печелиш!,
,ev19i4,"Spin the wheel, win a prize, thank me later!","Завърти колелото, вземи награда, благодари ми после!",
,ev19f1,Thanks for playing!,"Благодаря за играта!",
,ev19f2,Hope you had fun!,Дано да си се забавлявал!,
,ev19f3,Moles are the best gamers.,Къртиците са най-добрите играчи.,
,,,,
,evCardi1,The cards hold your future - or your doom!,Картите показват бъдещето ти - или гибелта ти!,
,evCardf1,The truth is in the cards,Истината е в картите,
,,,,
,ev20n,Apprentice of Magic,Чирак Магьосник,
,ev20o1,"You discover a rabbit in a witch's hat. It's a bit too big for her, pushing her ears back. ""I've been learning all about magic! It's really amazing - even though frogs tell me its changing soon!""","Откриваш зеек с вещерска шапка. Малко ѝ е голяма и избутва ушите ѝ назад. ""Уча всичко за магията! Наистина е удивително - върпеки, че жабите ми казва, че скоро ще се промени!""",
,ev20b1,Buy a wand,Купи магичекса пръчка,
,ev20b1o1,"You can have my first wand, she says. ""I've outgrown it. I'm on my second wand now.""","""Можеш да вземеш моята първа магическа пръчка"", казва тя. ""Надраснала съм я. Вече съм на втората ми пръчка.""",
,ev20b1o1t1,Hope you like it!,Надявам се ти харесва!,
,ev20b1o1t2,I'll miss that wand!,Ще ми липсва тази пръчка!,
,ev20b2,No thanks,"Не, благодаря",
,ev20b2o1,"Oh well, she says. ""I guess I still have a few things to learn from this wand anyway.""","""Ех, добре"", казва тя. ""Предполагам, че има какво още да науча от нея.""",
,ev20b2o1t1,"Don't need my wand, huh?","Нямаш нужда от магическата ми пръчка, а?",
,ev20b2o1t2,Only as good as your wand!,Добра колкото твоята магическа пръчка!,
,ev20i1,Oh boy! Another adventurer!,"Ох леле! Още един приключенец!",
,ev20i2,Gee! An explorer here?!,"Господи! Изследовател, тук?!",
,ev20i3,Are you learning to be a mage too?,"И ти ли се учиш за магьосник?",
,ev20i4,I'm not alone!,Не съм сама!,
,ev20f1,This was great!,Това беше страхотно!,
,ev20f2,Wow! I hope to see you so soon!,Уау! Надявам се да те видя пак скоро!,
,ev20f3,So glad we met!,"Толкова се радвам, че се запознахме!",
,ev20f4,Bi'ya! Bi'ya!,Чао! Чао!,
,,,,
,ev21n,Scholar of Magic,Ученик Магьосник,
,ev21o1,"A rabbit is here practicing spells on a nearby rock. ""I've learned so much,"" she says. ""Can I interest you in a magic book?""","Тук има заек, който тренира магии върху близкия камък. ""Научих толкова много,"" казва тя. ""Мога ли да те заинтересувам в една магичска книга?""",
,ev21b1,Buy a book,Купи книга,
,ev21b1o1,"Enjoy your read! she says. ""And let me know if you want to hang out sometime soon. I'm free pretty much any time.""","""Забавлявай се с четивото!"", казва тя. ""Кажи ми ако искаш да си поговирим пак скоро. Свободна съм на практика по всяко време.""",
,ev21b1o1t1,Hope you like it!,Дано да ти хареса!,
,ev21b1o1t2,It's a real page turner!,Много интересна книга!,
,ev21b1o1t3,Read it too many times already.,Аз вече я прочетох твърде много пъти.,
,ev21b2,No thanks,"Не, благодаря",
,ev21b2o1,"Rats! she says. ""Oh! I hope I didn't offend you!""","""Плъхове!"", казва тя. ""О, надявам се не съм те обидила!""",
,ev21b2o1t1,Book still available!,Книгата е все още налична!,
,ev21b2o1t2,I guess I can read it again.,"Предполагам, че ще мога да я прочета още веднъж.",
,ev21b2o1t3,I'll read it a few more times.,Ще я прочета още няколко пъти.,
,ev21b2o1t4,I can probably learn a lot from this.,Вероятно има още какво да науча от нея.,
,,,,
,ev22n,Matthew's Blessing,Благословията на Матю,
,ev22o1,"A wise rabbit sits there, meditating in the midst of this dangerous place. ""Fear not"", he says. """"My name is matthew, and I have lived here for many years. With proper organization, any challenge may be overcome. Now let me assist you...""","Тук седи мъдър зеаек, медитиращ насред това опасно място. ""Не се страхувай"", казва той. ""Името ми е Матю и живея тук от много години. Всяко предизвикателство може да бъде преодоляно с добра организация. Позволи ми да ти съдействам...""",
,ev22b1,start with 2 uncommon items,Започни с 2 необикновени предмета,
,ev22b1o1,"Indeed, says Matthew. ""But remember, rare items are a crutch. Good organization requires skill - not rarity.""","""Наистина"", казва Матю. ""Помни, редките предмети са бастуни. Добрата организация изисква умение, а не редки предмети.""",
,ev22b2,gain 10 max hp,+10 максимум живот,
,ev22b2o1,"True strength comes from your backpack, he says. ""Don't forget it""","""Истинската сила идва от раницата ти"", казва той. ""Не го забравяй""",
,ev22b3,Become an archer,Стани стрелец,
,ev22b3o1,"""Archery is a true art form. So many pieces must be carefully placed."" He produces a bow and arrows. ""Perhaps I can help you begin""","""Стрелбата е истинска форма на изкуство. Толкова много неща трябва да се поставят внимателно."", той ти връчва лък и стрели. ""Мое би мога да ти помогна като за начало""",
,ev22b4,Get a rare item,Започни с рядък предмет,
,ev22b4o1,"True strength comes from your backpack, he says. ""Don't forget it""","""Истинската сила идва от раницата ти"", казва той. ""Не го забравяй""",
,ev22i1,Allow me to help you...,Позволи ми да ти помогна...,
,ev22i2,"With care, even you can survive...","С предпазливост, дори и ти може да оцелееш...",
,ev22i3,Take time to organize...,Отделяй време да организираш...,
,ev22i4,You will make it! Just organize...,Ще се справиш! Само се организирай...,
,ev22i5,It's all about arrangement...,Всичко е в подредбата...,
,ev22i6,What you carry says a lot about you...,"Това, което носиш, говори много за теб...",
,ev22i7,A beautiful backpack  is its own reward...,Красива раница е награда по само себе си...,
,ev22i8,Everything in its place...,Всичко си е на мястото...,
,ev22i9,A perfect backpack... a fantasy...,Перфектната раница... страхотно...,
,ev22i10,"Accept what you get, organize...","Приемай каквото получаваш, организирай...",
,ev22i11,When your backpack is full of lemons...,Когато раницата ти е пълна с лимони...,
,ev22f1,I have faith...,Имам вяра...,
,ev22f2,I know you will make it...,"Знам, че ще се справиш...",
,ev22f3,I believe in you...,Вярвам в теб...,
,ev22f4,My blessings guide you...,Нека благословията ми те води...,
,ev22f5,Let your backpack show you the way..,Нека раницата ти показва пътя...,
,,,,
,evss,Want to see what I have today?,Искаш ли да видиш какво имам днес?,store
,evso1,Here's what I have today...,Ето какво имам днес...,
,evso2,Found most of these under a toadstool,Намерих повечето от тези под една мухоморка,
,evso3,I have selections from across the land!,Имам стока от цялата страна!,
,evso4,Rare items for you!,Редки предмети за теб!,
,evsr1,Not right for you?,Не те ли устойва?,
,evsr2,"Okay, here's your money back!","Окей, ето ти парите обрано!",
,evsr3,I was sorry to let this go anyway!,И без това не исках да го продвам!,
,evsr4,I'll take it back!,Ще си го взема обратно!,
,evss1,More money for me!,Повече пари за мен!,
,evss2,Okay - hand it over,Окей - давай го насам,
,evss3,I'll try it out,Ще го пробвам,
,evss4,I'll buy that for a dollar!,Ще купя това за пет лева!,
,evsf1,Yum! I'll be taking that!,Ням-ням! Ще взема това!,
,evsf2,I want that!,Искам това!,
,evsf3,Woah! A tasty fly! Give me!,Уау! Вкусна муха! Дай насам!,
,evsa1,Thank you!,Благодаря ти!,
,evsa2,Economics!,Икономика!,
,evsa3,Hope you enjoy it!,Надявам се да ти хареса!,
,evsa4,It looks good on you!,Добре ти стои!,
,evsa5,Frogs have no use for these anyway!,Жабите не се нуждаят от тях и без това!,
,evsa6,Trading is fun!,Търговията е забавна!,
,evsa7,Right into your backpack!,Право в раницата ти!,
,evsgb1,See you later!,До после!,
,evsgb2,Good luck storming the dungeon!,Успех с щурмуването на подземието!,
,evsgb3,See you again soon!,До скоро!,
,evsgb4,Let me know if you see any tasty flies!,Кажи ми ако намериш вкусни мухи!,
,evsca1,Maybe if you get some more money!,Може би ако имаше повече пари!,
,evsca2,You can't afford this!,Не можеш да си го позволиш!,
,evsca3,You need more coins!,Трябват ти повече монети!,
,evsca4,I need payment!,Трябва да си платиш!,
,evsca5,This isn't a charity!,Това не е благотворителност!,
,evsca6,Nothing is free,Нищо не е безплатно,
,,,,
buttons,b1,End Turn,Край на хода,
,b2,Stats,Статистика,
,b3,Save Game,Запиши играта,
,b4,options,Настройки,
,b5,reorganize,Пренареди,
,b6,Scratch,Драскай,
,b7,done,Готово,
,b8,Go adventuring!,Започни приключениетоп!,
,b9,cancel,Отмяна,
,bd1,Scratch the enemy for 3 damage. Costs 1 Energy,Драскай врага за /x щета. Струва /y Енергия,
,bd2,Reorganize your inventory in battle. Costs 3 energy,Пренареди си раницата в битка. Струва 3 Енергия,
hud,h1,floor,етаж,
,h2,experience,опит,
,h3,max level,максимално ниво,
status effects,se1,Poison,Отрова,
,se1d,Will take /x damage at start of turn,Ще понесе /x щета в началото на хода,
,se2,Regen,Регенерация,
,se2d,Will recover  /x health at start of turn,Ще възстанови /x живот в началото на хода,
,se3,Spikes,Шипове,
,se3d,Will deal /x damage if attacked,"Ще направи /x щетва, ако бъде атакуван",
,se4,Haste,Скорост,
,se4d,Will add /x additional block when blocking,"Ще добави /x допълнително блок при блокиране",
,se5,Slow,Мудност,
,se5d,Will reduce block by /x when blocking,Ще намали блока с /x при блокиране,
,se6,Rage,Ярост,
,se6d,Will add /x damage when attacking with a weapon,"Ще добави /x щета, когато атакува с оръжие",
,se7,Weak,Слабост,
,se7d,Will reduce /x damage when attacking with a weapon,"Ще намели с /x щета, когато атакува с оръжие",
,se8,Dodge,Отбягване,
,se8d,The next /x attacks will do no damage,Следващите /x атаки няма да направят щета,
,se9,Frozen,Замразен,
,se9d,/Will take no action for /x turns,/Няма да предприеме действия за /x хода,
,se10,Burn,Изгаряне,
,se10d,Will take /x damage at start of turn. This can be blocked,Ще поеме /x щета в началото на хода. Това може да се блокира,
,t1,On use,При употреба,
Store,Cost,Cost,Цена,
,onSale,On Sale,Намаление,
Rarities,common,common,обикновен,
,uncommon,uncommon,необикновен,
,rare,rare,рядък,
,legendary,legendary,легендарен,
Types,weapon,Weapon,Оръжие,
,Armor,Armor,Броня,
,Shield,Shield,Щит,
,Accessory,Accessory,Аксесоар,
,Bow,Bow,Лък,
,Arrow,Arrow,Стрела,
,Consumable,Consumable,Консуматив,
,Gold,Gold,Злато,
,Manastone,Manastone,Мана-Камък,
,Key,Key,Ключ,
,Curse,Curse,Проклятие,
,Ingredient,Ingredient,Съставка,
,Wand,Wand,Магическа пръчка,
,Book,Book,Книга,
,Cleaver,Cleaver,Сатър,
,Clothing,Clothing,Дреха,
,Helmet,Helmet,Шлем,
,Footwear,Footwear,Обувки,
,Fish,Fish,Риба,
,Relic,Relic,Реликва,
,Glove,Glove,Ръкавица,
,Magic,Magic,Магия,
,Gem,Gem,Скъпоценен камък,
,Structure,Structure,Сграда,remaining times that an item can be used
,Ring,Ring,Пръстен,
,Rune,Rune,Руна,
Limits,ul,use,използвай,
,ulp,uses,използвания,
,ul1,1 use,1 използване,
,ul2,/x uses,/x използвания,
,ul3,Can be used 1 time each turn,Може да се ползва веднъж на ход,
,ul4,Can be used /x times each turn,Може да се ползва /x пъти на хода,
,ul5,Can be used 1 time this turn,CМоже да се ползва веднъж този ход,
,ul6,Can be used /x times this turn,Може да се ползва /x пъти този ход,
,ul7,Can be used 1 time each combat,Може да се ползва веднъж на битка,
,ul8,Can be used /x times each combat,Може да се ползва /x пъти на битка,
,ul9,Can be used 1 time this combat,Може да се ползва веднъж тази битка,
,ul10,Can be used /x times this combat,Може да се ползва /x пъти тази битка,
,,,,
triggers,t2,When destroyed,Когато се унищожи,
,t3,When added,Когато се добави,
,t4,When removed,Когато се махне,
,t5,Each turn,Всеки ход,
,t6,When your turn ends,Когато ти приключи хода,
,t7,Each combat,Всяка битка,
,t8,When combat ends,Когато битката свърши,
,t9,On kill,При убийскто,
,t10,On kill (non summon),При убийство (на не-призован),
,t11,When rotated,Когато се завърти,
,t12,When out of uses,Когато му свършат използванията,
,t13,When used,Когато се използва,
,t14,When selected,Когато се избере,
,t15,On take damage,При поемане на щета,
,t16,When this moves,Когато се движи,
,t17,When this finishes moving,Когато спре да се движи,
,t18,When moved in combat,Когато се движи в битка,
,t19,On Scratch,При драскане,
,t20,For each empty space [to the right],За всяко празно място [надясно],
,t21,For each empty space [below],За всяко празно мяасто [надолу],
,t22,For each empty space [to the left],За всяко празно мяасто [наляво],
,t23,For each empty space [above],За всяко празно място [нагоре],
,t24,For each adjacent structure,За всяка съседна сграда,
,t25,For each adjacent or diagonal structure,За всяка съседна и диагонална сграда,
,t26,When armor or a shield is present,Когато има броня или щит,
,t27,For each space below,За всяко място надолу,
,t28,When an item in this column is destroyed,Когато предмет в тази колон се унищожи,
,t29,When an adjacent item is destroyed,Когато съседен предмет се унищожи,
,t29b,When an adjacent or diagonal item is destroyed,Когато съседен или диагонален предмет се унищожи,
,t30,For each space above this,За всяко място нагоре,
,t30b,"If this is not in the top row,","Ако е в най-горния ред,",
,t31,When an adjacent weapon is used,Когато се използва съседно оръжие,
,t32,If there is an item two spaces away,Ако има предмет на разстояние 2,
,t33,For each adjacent or diagonal Curse,За всяко съседно или диагонално Проклятие,
,t34,When a Wand kills an enemy,Когато магическа пръчка убие противник,
,t35,If there is an adjacent weapon,Ако има съседно оръжие,
,t36,For each connected Manastone,За всеки свързан Мана-Камък,
,t37,For each adjacent curse,За всяко съседно Проклятие,
,t38,For each adjacent or diagonal Fish,За всяка съседна или диагонална Риба,
,t39,When an arrow (to the right) kills a non-summon enemy,Когато стрела [надясно] убие не-призован противник,
,t40,When an arrow (below) kills a non-summon enemy,Когато стрела [надолу] убие не-призован противник,
,t41,When an arrow (to the left) kills a non-summon enemy,Когато стрела [наляво] убие не-призован противник,
,t42,When an arrow (above) kills a non-summon enemy,Когато стрела [нагоре] убие не-призован противник,
,t43,When an arrow [to the right] kills an enemy,Когато стрела [надясно] убие противник,
,t44,When an arrow [below] kills an enemy,Когато стрела [надолу] убие противник,
,t45,When an arrow [to the left] kills an enemy,When an arrow [наляво] убие противник,
,t46,When an arrow [above] kills an enemy,When an arrow [нагоре] убие противник,
,t47,If there is a space above this,Ако има място нагоре,
,t48,For each adjacent or diagonal key,За всеки съседен или диагонален ключ,
,t49,If there is a space above this,Ако има място нагоре,
,t50,For each space above this,За всяко място нагоре,
,t51,For each space to the right,За всяко място надясно,
,t52,For each space to the left,За всяко мяасто наляво,
,t53,For each adjacent item,За всеки съседен предмет,
,t53s,If there is an adjacent item,Ако има съседен предмет,
,t54,For each adjacent empty space,За всяко съседно празно мяасто,
,t55,For each adjacent item,За всеки съседен предмет,
,t56,When a weapon is used,Когато се използва оръжие,
,t57,For each adjacent or diagonal consumable,За всеки съседен и диагонален консуматив,
,t58,Each turn for each adjacent gem,"Всеки ход, за всеки съседен скъпоценен камък",
,t59,When a weapon kills an enemy,Когато оръжие убие противник,
,t60,When an adjacent weapon is used,Когато се използва съседно оръжие,
,t61,When an adjacent or diagonal item is present,Когато има съседен или диагонален предмет,
,t62,For each adjacent accessory,За всеки съседен аксесоар,
,t63,For each adjacent gem,За всеки съседен скъпоценен камък,
,t64,If adjacent to any item,Ако е съседен до предмет,
,t65,If adjacent or diagonal to any item,Ако се съседен или диагонален на предмет,
,t66,If adjacent or diagonal to armor or a shield,Ако е съседен или диагонален на броня или щит,
,t67,When a diagonal shield is used,Когато диагонален щит се използва,
,t68,For each adjacent or diagonal ring,За всеки съседен или диагонален пръстен,
,t69,For each adjacent or diagonal curse,За всеки съседно или диагонално проклятие,
,t70,If you have any armor,Ако имаш някаква броня,
effects,e1,Deals /x damage,Прави /x щета,
,e2,Hurts! Deals /x damage to self,Боли! Прави /x щета на мен,
,e3,Deals /x damage to all enemies,Прави /x щета на всички противници,
,e4,Deals /x vampirism ,Прави /x вампиризъм,
,e5,Deals /x vampirism to all enemies,Прави /x вампиризъм на всички противници,
,e6,Removes /x% of all block on self,Премахва /x% от блока на себе си,
,e7,Multiplies current block by /x%,Умножава наличния блок с /x%,
,e8,Adds /x block,Добавя /x блок,
,e9,Adds /x block to enemy,Добава /x блок на противник,
,e10,Adds /x block to all enemies,Добавя /x блок на всички противници,
,e11,Removes /x block,Премахва /x блок,
,e12,Removes /x block from enemy,Премахва /x блок от противник,
,e13,Removes /x block from all enemies,Премахва /x блок от всички противници,
,e14,Heals /x HP,Лекува за /x живот,
,e15,Enemy heals /x HP,Лекува противник за /x живот,
,e16,All enemies heal /x HP,Лекува всички противници за /x живот,
,e17,Lose /x HP,Губи /x живот,
,e18,Enemy loses /x HP,Противник губи /x живот,
,e19,All enemies lose /x HP,Всички противници губят /x живот,
,e20,Adds /x energy,Добавя /x Енергия,
,e20d,Removes /x energy,Премахва /x Енергия,
,e21,Adds /x Max HP,Добавя /x максимум живот,
,e22,Adds /x Mana to connected Mana network,Добавя /x Мана към свързана мрежа Мана,
,e23,Adds Luck,Добавя Късмет,
,e24,Adds Great Luck,Добавя Голям Късмет,
,e25,Multiplies all status effects on self by /x%,Умножава всички статус ефекти на себе си с /x%,
,e26,Multiplies all status effects on enemy by /x%,Умножава всички статус ефекти на противник с /x%,
,e27,Multiplies all status effects on all enemies by /x%,Умножава всички статус ефекти на всички противници с /x%,
,e28,Removes /x% of all status effects on self,Премахва /x% от всички статус ефекти на себе си,
,e29,Removes /x% of all status effects on enemy,Премахва /x% от всички статус ефекти на противник,
,e30,Removes /x% of all status effects on all enemies,Премахва /x% от всички статус ефекти на всички противници,
,e31,Adds /x poison to self,Добавя /x отрова на себе си,
,e32,Adds /x regen to self,Добавя /x регенерация на себе си,
,e33,Adds /x spikes to self,Добавя /x шипове на себе си,
,e34,Adds /x haste to self,Добавя /x скорост на себе си,
,e35,Adds /x slow to self,Добавя /x мудност на себе си,
,e36,Adds /x rage to self,Добавя /x ярост на себе си,
,e37,Adds /x weak to self,Добавя /x слабост на себе си,
,e38,Adds /x dodge to self,Добавя /x отбягване на себе си,
,e39,Adds /x poison to enemy,Добавя /x отрова на противник,
,e40,Adds /x regen to enemy,Добавя /x регенерация на противник,
,e41,Adds /x spikes to enemy,Добавя /x шипове на противник,
,e42,Adds /x haste to enemy,Добавя /x скорост на противник,
,e43,Adds /x slow to enemy,Добавя /x мудност на противник,
,e44,Adds /x rage to enemy,Добавя /x ярост на противник,
,e45,Adds /x weak to enemy,Добавя /x слабост на противник,
,e46,Adds /x dodge to enemy,Добавя /x отбягване на противник,
,e47,Adds /x poison to all enemies,Добавя /x отрова на всички противници,
,e48,Adds /x regen to all enemies,Добавя /x регенерация на всички противници,
,e49,Adds /x spikes to all enemies,Добавя /x шипове на всички противници,
,e50,Adds /x haste to all enemies,Добавя /x скорост на всички противници,
,e51,Adds /x slow to all enemies,Добавя /x мудност на всички противници,
,e52,Adds /x rage to all enemies,Добавя /x ярост на всички противници,
,e53,Adds /x weak to all enemies,Добавя /x слабост на всички противници,
,e54,Adds /x dodge to all enemies,Добавя /x отбягване на всички противници,
,e55,Removes /x poison from self,Премахва /x отрова от себе си,
,e56,Removes /x regen from self,Премахва /x регенрация от себе си,
,e57,Removes /x spikes from self,Премахва /x шипове от себе си,
,e58,Removes /x haste from self,Премахва /x скорост от себе си,
,e59,Removes /x slow from self,Премахва /x мудност от себе си,
,e60,Removes /x rage from self,Премахва /x ярост от себе си,
,e61,Removes /x weak from self,Премахва /x слабост от себе си,
,e62,Removes /x dodge from self,Премахва /x отбягване от себе си,
,e63,Removes /x poison from enemy,Премахва /x отрова от противник,
,e64,Removes /x regen from enemy,Премахва /x регенрация от противник,
,e65,Removes /x spikes from enemy,Премахва /x шипове от противник,
,e66,Removes /x haste from enemy,Премахва /x скорост от противник,
,e67,Removes /x slow from enemy,Премахва /x мудност от противник,
,e68,Removes /x rage from enemy,Премахва /x ярост от противник,
,e69,Removes /x weak from enemy,Премахва /x слабост от противник,
,e70,Removes /x dodge from enemy,Премахва /x отбягване от противник,
,e71,Removes /x poison from all enemies,Премахва /x отрова от всички противници,
,e72,Removes /x regen from all enemies,Премахва /x регенерация от всички противници,
,e73,Removes /x spikes from all enemies,Премахва /x шипове от всички противници,
,e74,Removes /x haste from all enemies,Премахва /x скорост от всички противници,
,e75,Removes /x slow from all enemies,Премахва /x мудност от всички противници,
,e76,Removes /x rage from all enemies,Премахва /x ярост от всички противници,
,e77,Removes /x weak from all enemies,Премахва /x слабост от всички противници,
,e78,Removes /x dodge from all enemies,Премахва /x отбягване от всички противници,
,e79,Multiplies poison on self by /x%,Умножава отрова на сабе си с /x%,
,e80,Multiplies regen on self by /x%,Умножава регенерация на сабе си с /x%,
,e81,Multiplies spikes on self by /x%,Умножава шипове на сабе си с /x%,
,e82,Multiplies haste to self by /x%,Умножава скорост на себе си с /x%,
,e83,Multiplies slow to self by /x%,Умножава мудност на себе си с /x%,
,e84,Multiplies rage to self by /x%,Умножава ярост на себе си с /x%,
,e85,Multiplies weak to self by /x%,Умножава слабост на себе си с /x%,
,e86,Multiplies dodge to self by /x%,Умножава отбягване на себе си с /x%,
,e87,Multiplies poison to enemy by /x%,Умножава отрова на противник с /x%,
,e88,Multiplies regen to enemy by /x%,Умножава регерация на противник с /x%,
,e89,Multiplies spikes to enemy by /x%,Умножава шипове на противник с /x%,
,e90,Multiplies haste to enemy by /x%,Умножава скорост на противник с /x%,
,e91,Multiplies slow to enemy by /x%,Умножава мудност на противник с /x%,
,e92,Multiplies rage to enemy by /x%,Умножава ярост to на противник с /x%,
,e93,Multiplies weak to enemy by /x%,Умножава слабост на противник с /x%,
,e94,Multiplies dodge to enemy by /x%,Умножава отбягване на противник с /x%,
,e95,Multiplies poison to all enemeies by /x%,Умножава отрова на всички противници с /x%,
,e96,Multiplies regen to all enemies by /x%,Умножава регенерация на всички противници с /x%,
,e97,Multiplies spikes to all enemies by /x%,Умножава шипове на всички противници с /x%,
,e98,Multiplies haste to all enemies by /x%,Умножава скорост на всички противници с /x%,
,e99,Multiplies slow to all enemies by /x%,Умножава мудност на всички противници с /x%,
,e100,Multiplies rage to all enemies by /x%,Умножава ярост на всички противници с /x%,
,e101,Multiplies weak to all enemies by /x%,Умножава слабост на всички противници с /x%,
,e102,Multiplies dodge to all enemies by /x%,Умножава отбягване на всички противници с /x%,
,e103,Removes /x% poison from self,Премахва /x% отрова от себе си,
,e104,Removes /x% regen from self,Премахва /x% регенерация от себе си,
,e105,Removes /x% spikes from self,Премахва /x% шипове от себе си,
,e106,Removes /x% haste from self,Премахва /x% скорост от себе си,
,e107,Removes /x% slow from self,Премахва /x% мудност от себе си,
,e108,Removes /x% rage from self,Премахва /x% ярост от себе си,
,e109,Removes /x% weak from self,Премахва /x% слабост от себе си,
,e110,Removes /x% dodge from self,Премахва /x% отбягване от себе си,
,e111,Removes /x% poison from enemy,Премахва /x% poison от противник,
,e112,Removes /x% regen from enemy,Премахва /x% регенерация от противник,
,e113,Removes /x% spikes from enemy,Премахва /x% шипове от противник,
,e114,Removes /x% haste from enemy,Премахва /x% скорост от противник,
,e115,Removes /x% slow from enemy,Премахва /x% мудност от противник,
,e116,Removes /x% rage from enemy,Премахва /x% ярост от противник,
,e117,Removes /x% weak from enemy,Премахва /x% слабост от противник,
,e118,Removes /x% dodge from enemy,Премахва /x% отбягване от противник,
,e119,Removes /x% poison from all enemies,Премахва /x% отрова от всички противници,
,e120,Removes /x% regen from all enemies,Премахва /x% регенерация от всички противници,
,e121,Removes /x% spikes from all enemies,Премахва /x% шипове от всички противници,
,e122,Removes /x% haste from all enemies,Премахва /x% скорост от всички противници,
,e123,Removes /x% slow from all enemies,Премахва /x% мудност от всички противници,
,e124,Removes /x% rage from all enemies,Премахва /x% ярост от всички противници,
,e125,Removes /x% weak from all enemies,Премахва /x% слабост от всички противници,
,e126,Removes /x% dodge from all enemies,Премахва /x% отбягване от всички противници,
,e127,Adds /x damage to Scratch,Добая /x щета към Драскане,
create effects,ceg,Creates /x gold,Създава /x злато,
,cec,Creates a curse,Създава проклятие,
,ce1,Creates an Ethereal Arrow in this column,Създава an Ефирна стрела в тази колона,
,ce2,Creates an Ethereal Shiv in this row,Създава Ефирен шив на този ред,
,ce3,Creates Ethereal Energy in this column,Създава Ефирна Енергия в тази колона,
,ce4,Creates a fish in an adjacent space,Създава риба в съседно място,
,ce5,Creates any item,Създава какъв да е предмет,
,ce6,Creates /x gold,Създава /x злато,
,ce7,Creates a drink in this row,Създава напитка на този ред,
,ce8,Creates a potion in this row,Създава отвара на този ред,
,ce9,Creates an herb in this row,Създава билка на този ред,
,ce10,Creates a gem,Създава скъпоценен камък,
,ce11,Another Slime Sword will be created at the end of combat,В края на битка ще се създаде друг Слузест Мез,
,ce12,Creates something really good… or a horrible curse,Създава нещо наистона добро... или ужасно проклятие,
,ce13,Replaced by an Ethereal Blade,Ще се замени от Ефирно Острие,
,ce14,Replaced by Blade Summoner,Ще се замени от Призовател на Острие,
,ce15,Replaced with an Empty Cup,Ще се замени от Празна Халба,
Movement effects,me1,turns clockwise,завърта се по часовнивовата стрелка,
,me2,turns around,се завърта,
,me3,turns counter-clockwise,завърта се обратно на часовниковата стрелка,
,me4,moves forward until stopped,"движи се напред, докато не спре",
,me5,moves forward one space,движи се напред веднъж,
,me6,moves up one space,движи се нагоре веднъж,
Add Modifiers,,,,
,amApplied,From /x,От /x,e.g. From Shield Spirit
,am1,All weapons get this effect applied,Този ефект се прилага на всички оръжия,
,am2,All shields get this effect applied,Точи ефект се прилага на всички щитове,
,am3,All wands get this effect applied,Този ефект се прилага на всички магически пръчки,
,am4,All bows get this effect applied,Този ефект се прилага на всички лъкове,
,am5,All arrows get this effect applied,Този ефект се прилага на всички стрели,
,,,,
item status effects,is1,This item is disabled,Този предмет не може да се ползва,
,is2,This item is a projectile,Този предмед е снаряд,
,is3,This item is anchored,Този предмет е закотвен,
,is4,This item is enflamed,Този предмет е запален,
,is5,Conductive,Проводим,
,is6,This item is heavy,Този предмет е тежък,
,is7,This item floats,Този предмет лети,
,efm,Multiplier Total,Общ множител,
effect,base,Base,Базово,
,m1,This item gets permanent /x damage,Този предмет получава /x постоянна щета,
modifiers,m2,This item is destroyed,Този предмет ще се унищожи,
,m3,Adjacent curses are destroyed,Съседни проклятие се унищожават,
,m4,This item gets /x damage to enemy,Този предмет получава /x щета срещу противници,
,m5,This item gets /x damage to self,Този предмет получава /x щета по себе си,
,m6,This item gets /x damage,Този предмет получава /x щета,
,m7,This item gets /x% bonus damage,Този предмет получава /x% бонус щета,
,m8,This item gets /x block,Този предмет получава /x блок,
,m9,This item gets /x block this combat,Този предмет получава /x блок тази битка,
,m10,This item gets /x energy,Този предмет получава /x енергия,
,m11,Adjacent armor gets /x block,Съседни брони получават /x блок,
,m12,Adjacent weapons get /x damage,Съседни оръжия получават /x щета,
,m13,Weapons in this row get /x damage,Оръжията на този ред получават /x щета,
,m14,Cleavers below get /x% bonus damage,Сатърите надолу получават /x% бонус щета,
,m15,Fires the first arrow in each [row to the right],Изстрелва първата стрела във всеки [ред надясно],
,m16,Fires the first arrow in each [column below],Изстрелва първата стрела във всяка [колона отдолу],
,m17,Fires the first arrow in each [row to the left],Изстрелва първата стрела във всеки [ред наляво],
,m18,Fires the first arrow in each [column above],Изстрелва първта стрела във всяка [колона нагоре],
,m19,Fires all arrows in each [row to the right],Изстрелва всички стрели във всеки [ред надясно],
,m20,Fires all arrows in each [column below],Изстрелва всички стрели във всяка [колона надол],
,m21,Fires all arrows in each [row to the left],Изстрелва всички стрели във всеки [ред наляво],
,m22,Fires all arrows in each [column above],Изстрелва всички стрели във всяка [колона нагоре],
,m23,Adjacent and diagonal structures become conductive,Съседни и диагонални сгради стават проводими,
,m24,This item is refreshed and can be used again this combat,Този предмет може да се ползва отново тази битка,
,m25,Items in this row are refreshed and can be used again this turn,Предметите на този ред могат да се ползват отново този ход,
,m26,selected adjacent Weapons get /x% bonus damage this combat,Избраните съседни оръжия получават /x% бонус щета тази битка,
,m27,All weapons get /x% bonus damage,Всички оръжия получават /x% бонус щета,
,m28,The first arrow in each [row to the right] gets /x% bonus damage,Първата стрела на всеки [ред надясно] полиучава /x% бонус щета,
,m29,The first arrow in each [column below] gets /x% bonus damage,Първата стрела във всяка [колона надолу] полиучава /x% бонус щета,
,m30,The first arrow in each [row to the left] gets /x% bonus damage,Първата стрела на всеки [ред наляво] полиучава /x% бонус щета,
,m31,The first arrow in each [column above] gets /x% bonus damage,Първата стрела във всяка [колона нагоре] полиучава /x% бонус щета,
,m32,This item is disabled,Този предмет не може да се ползва,
,m33,All consumables get /x% bonus healing,Всички консумативи получават /x% бонус лекуване,
,m34,All weapons get /x damage,Всички оръжия получават /x щета,
,m35,All adjacent weapons are used,Използва всички съседни оръжия,
,m36,All adjacent cleavers are used,Използва всички съседни сатъри,
,m37,The [above] cleaver is used,Използва сатъра [отгоре],
,m38,The [right] cleaver is used,Използва сатъра [отдясно],
,m39,The cleaver [below] is used,Използва сатъра [отдолу],
,m40,The [left] cleaver is used,Използва сатъра [отляво],
,m41,All connected weapons get /x% bonus damage,Всички свързани оръжия получават /x% бонус щета,
,m42,All consumables get /x rage,Всички консумативи получават /x ярост,
,m43,Adjacent weapons get /x damage this combat,Съседните оръжия получават /x щета тази битка,
,m44,Adjacent weapons get /x damage this turn,Съседните оръжия получават /x щета този ход,
,m45,Adjacent and diagonal weapons get /x damage,Съседните и диагоналните оръжия получават /x щета,
,m46,This gets /x damage this turn,Този предмет получава /x щета този ход,
,m47,This gets /x damage this combat,Този предмет получава /x щета тази битка,
,m48,This item is disabled for /y turns,Този предмет не може да се ползва за /y хода,
,m49,This item is anchored for /y combats,Този предмет се закотвя за /y битки,
,m50,Adjacent and diagonal armor gets /x block,Съседните и диагоналните брони получават /x блок,
,m50b,Adjacent and diagonal shields and armor get /x block,Съседните и диагоналните щитове получават /x блок,
,m51,This item is disabled for the rest of this combat,Този предмет не може да се полза до края на битката,
,m52,This item is disabled for /y combats,Този предмет не може да се ползва за /y битки,
,m53,Adjacent helmets get /x block,Съседните шлемове получават /x блок,
,m54,Adjacent footwear gets /x block,Съседните обувки получават /x блок,
,m55,This item is used,Този предмет се използва,
,m56,Arrows to the [right] get /x% bonus damage,Стрелите [надясо] получават /x% бонус щета,
,m57,Arrows to the [left] get /x% bonus damage,Стрелите [наляво] получават /x% бонус щета,
,m58,Arrows [below] get /x% bonus damage,Стрелите [отдолу] получават /x% бонус щета,
,m59,Arrows [above] get /x% bonus damage,Стрелите [нагоре] получават /x% бонус щета,
,m60,Connected weapons get /x damage,Свързаните оръжия получват /x щета,
,m61,Adjacent and diagonal shields get /x block,Съседните и диагоналните щитове получават /x блок,
,m62,The first arrow in each [row to the right] gets /x damage,Първата стрела във всеки [ред надясно] получава /x щета,
,m63,The first arrow in each [row to the left] gets /x damage,Първата стрела във всеки [ред наляво] получава /x щета,
,m64,The first arrow in each [column below] gets /x damage,Първата стрела във всяка [колона надолу] получава /x щета,
,m65,The first arrow in each [column above] gets /x damage,Първата стрела във всяка [колона нагоре] получава /x щета,
,m66,Armor to the left gets /x block,Броните наляво получават /x блок,
,m67,Weapons in this column get /x damage,Оръжията в тази колона получават /x щета,
,m68,Adjacent and diagonal weapons get /x poison to self,Съседните и диагоналните оръжия получават /x отрова на себе си,
,m69,Weapons in this row or column get /x damage,Оръжията в тази колона и този ред получават /x щета,
,m69c,Weapons in this row or column get /x damage this combat,Оръжията в тази колона и този ред получават /x щета тази битка,
,m70,Adjacent and diagonal weapons get /x damage this combat,Съседните и диагоналните оръжия получават /x щета тази битка,
,m71,This gets /x spikes to self this turn,Този предмет получава /x шипове този ход,
,m72,All shields get /x spikes to self,Всички щитове получават /x шипове,
,m73,All diagonal cleavers are used,Използва всички диагонални сатъри,
,m74,Adjacent and diagonal cleavers get /x damage,Съседните и диагоналните сатъри получават /x щета,
,m75,The cleaver [above] gets used,Използва сатъра [отгоре],
,m76,The cleaver [to the right] gets used,Използва сатъра [отдясно],
,m77,The cleaver [below] gets used,Използва сатъра [отдолу],
,m78,The cleaver [to the left] gets used,Използва сатъра [отляво],
,m79,Adjacent shields get used,Изпозва съседните щитове,
,m80,Adjacent weapons get /x healing,Съседните оръжия получават /x лекуване,
,m81,Weapons in this column get /x% bonus damage,Оръжията в тази колона получават /x% бонус щета,
,m82,Weapons in this row get /x weak this combat,Оръжията на този ред получават /x слабост тази битка,
,m83,Select an adjacent weapon to permanently get /x% bonus damage,"Избери съседно оръжия, за да получи постояненна /x% бонус щета",
,m84,Adjacent and diagonal weapons get /x damage,Съседните и диагоналните оръжия получават /x щета,
,m85c,Adjacent weapons get /x% bonus damage this combat,Съседните оръжия получават /x% бонус щета тази битка,
,m85,Adjacent weapons get /x% bonus damage,Съседните оръжия получават /x% бонус щета,
,m86,Adjacent weapon [below] gets /x damage,Оръжието [отдолу] получава /x щета,
,m87,Adjacent weapon [to the left] gets /x damage,Оръжието [отляво] получава /x щета,
,m88,Adjacent weapon [above] gets /x damage,Оръжието [отгоре] получава /x щета,
,m89,Adjacent weapon [right] gets /x damage,Оръжието [отдясно] получава /x щета,
,m90,Weapons in this row get /x poison this combat,Оръжията на този ред получават /x отрова тази битка,
,m91,Adjacent and diagonal consumables are destroyed,Унищожава съседните и диагоналните консумативи,
,m92,Adjacent weapons get /x poison,Съседните оръжия получават /x отрова,
,m93,Weapons two spaces away get /x damage,Оръжия на разстояние две получават /x щета,
,m94,All weapons remove /x from all status effects from all enemies,Всички оръжия премахват /x от всички статус ефекти от всички противници,
,m95,scratch deals /x Damage,Драскане прави /x щета,
,m96,Helmets to the right are disabled,Шлемовете надясно не могат да се ползват,
,m97,Shields get /x spikes to self,Щитовете получават /x шипове,
,m98,Footwears to the right are disabled,Обувките надясно ме могат да се ползват,
,m99,structures beneath this get /x block,Сградите отдолу получават /x блок,
,m100,This gets /x to poison,Този предмет получава /x към отровата,
,m101,Adjacent shields get /x spikes to self,Съседните щитове получават /x шипове,
,m102,Adjacent and diagonal consumables get /x healing,Съседните и диагонални консумативи получават /x лекуване,
,m103,Weapons in this column get /x% bonus damage this turn,Оръжията в тази колона получават /x% бонус щета този ход,
,m104,Wands in this column get /x damage,Магическите пръчки в тази колона получавата /x щета,
modifier names,kill,kill,убийсто,
,nearby accessory,nearby accessory,близки аксесоари,
,open space,open space,място,
,empty space,empty space,празно място,
,space above,space above,място оргоре,
,other helmet,other helmet,друг шлем,
,connected manastone,connected manastone,свързан Мана-Камък,
,other shoes,other shoes,други обувки,
,position,position,позиция,
,nearby structure,nearby structure,близки сгради,
,bronze plate,bronze plate,бронзов нагръдник,
,nearby weapon,nearby weapon,близко оръжие,
items,ACIDIC POTION,ACIDIC POTION,КИСЕЛИННА ОТВАРА,
,AMETHYST,AMETHYST,АМЕТИСТ,
,ANCIENT TOME,ANCIENT TOME,ДРЕВЕН ТОМ,
,ANCIENT TOME2,Ancient spells are written in the margins of this recipe book,В полетата на тази готварска книга са изписани древни магии,
,ANGLER FISH,ANGLER FISH,МОРСКИ ДЯВОЛ,
,ARCHANGEL ARMOR,ARCHANGEL ARMOR,АРХАНГЕЛСКА РИЗНИЦА,
,ARCHER'S WAND,ARCHER'S WAND,МАГИЧЕСКАТА ПРЪЧКА НА СТРЕЛЕЦА,
,ARCHER'S WAND2,Frog wizards created this item,Този предмет е създаден от Жабоци магьосници,
,,,,
,ASSASSIN'S DAGGER,ASSASSIN'S DAGGER,КАМАТА НА УБИЕЦА,
,BALLOON,BALLOON,БАЛОН,
,BANDAGES,BANDAGES,ПРЕВРЪЗКИ,
,Bashing Shield,Bashing Shield,ЩИТ ЗА БЛЪСКАНЕ,
,Bashing Shield e1,Does damage equal to your current block,"Прави толкова щета, колкото блок имаш",
,BERSERKER'S CLUB,BERSERKER'S CLUB,БЕРСЕРК БУХАЛКА,
,BESERKER'S RING,BESERKER'S RING,БЕРСЕРК ПРЪСТЕН,
,BIG FIN,BIG FIN,ГОЛЯМА ПЕРКА,
,BLADE SUMMONER,BLADE SUMMONER,ПРИЗОВАТЕЛ НА ОСТРИЕ,
,BLUEFIN,BLUEFIN,РИБА ТОН,
,BRAMBLE,BRAMBLE,КЪПИНАК,
,BRAMBLE2,Poison oozes from these thick brambles,По игличките на този къпинат се стича отрова,
,Brass Knuckles,Brass Knuckles,МЕДЕН БОКС,
,BRICK,BRICK,ТУХЛА,
,BRICKWALL,BRICKWALL,ТУХЛЕНА СТЕНА,
,BROKEN RING,BROKEN RING,СЧУПЕН ПРЪСТЕН,
,BROKEN RING2,Ancient magicians found protection with this ring on hand,Древни магьосници са се защитавали с този пръстен на ръката си,
,BRONZE BREASTPLATE,BRONZE BREASTPLATE,БРОНЗОВ НАГРЪДНИК,
,BRUTAL SPEAR,BRUTAL SPEAR,БРУТАЛНО КОПИЕ,
,BUBBLE,BUBBLE,МЕХУРЧЕ,
,CACTUS,CACTUS,КАКТУС,
,CAP,CAP,КЕПЕ,
,CAULDRON,CAULDRON,КОТЕЛ,
,CAVE FISH,CAVE FISH,ПЕЩЕРНА РИБА,
,CAVE SHARK,CAVE SHARK,ПЕЩЕРНА АКУЛА,
,CHAINMAIL,CHAINMAIL,РИЗНИЦА,
,CHARMED BRACELET,CHARMED BRACELET,ОМАГЬОСАНА ГРИВНА,
,CHARMED BRACELET2,Exchange your lifeforce to remove a curse,Плати за премахването на проклятие с част от живеца ти,
,CHEF'S HAT,CHEF'S HAT,ШАПКАТА НА ГОТВАЧА,
,CITRINE,CITRINE,ЦИТРИН,
,CLEANSING BOMB,CLEANSING BOMB,ПРЕЧИСТВАТЕЛНА БОМБА,
,CLEANSING POTION,CLEANSING POTION,ПРЕЧИСТВАТЕЛНА ОТВАРА,
,CLEANSING RAG,CLEANSING RAG,ПРЕЧИСТВАТЕЛЕН ПАРЦАЛ,
,CLEANSING WAND,CLEANSING WAND,ПРЕЧИСТВАТЕЛНА МАГИЧЕСКА ПРЪЧКА,
,CLEANSING WAND2,I think this wand used to be a broom!,"Мисля, че тази пръчка някога е била метла!",Cleaver is already indicated by the type
,,,,
,CLUB,CLUB,БУХАЛКА,
,COAL,COAL,ВЪГЛЕН,
,COMPOSITE BOW,COMPOSITE BOW,ХУНСКИ ЛЪК,
,COMPOSITE BOW2,For the smallest of rodents,За най-малките гризачи,
,CONDUIT,CONDUIT,ГРЪМОПРОВОД,
,COOL DRINK,COOL DRINK,ХЛАДНА НАПИТКА,
,CRIMSON ENERGY,CRIMSON ENERGY,ПУРПУРНА ЕНЕРГИЯ,
,CROOKED ARROW,CROOKED ARROW,КРИВА СТРЕЛА,
,CROSSBOW,CROSSBOW,АРБАЛЕТ,
,CROSSBOW2,squirrels prefer the light weight of crossbows,Катериците предпочитат лекотата на арбалета,
,CURSED BLADE,CURSED BLADE,ПРОКЪЛНАТО ОСТРИЕ,
,CURSED BLADE2,Many have tried to wield this sword - none have succeeded,Много са се опитвали да овладеят този меч - никой успешно,
,CURSED SHIV,CURSED SHIV,ПРОКЪЛНАТ ШИВ,
,CURSED SHIV2,Unspeakably cursed,Неописуемо прокълнат,
,CURSED WHETSTONE,CURSED WHETSTONE,ПРОКЪЛНАТ КАМЪК ЗА ТОЧЕНЕ,
,DAGGER,DAGGER,КИНЖАЛ,
,DAMAGED KNIFE,DAMAGED KNIFE,СЧУПЕН НОЖ,
,DARK HEADBAND,DARK HEADBAND,ТЪМНА ДИАДЕМА,
,DARK WHETSTONE,DARK WHETSTONE,ТЪМЕН КАМЪК ЗА ТОЧЕНЕ,
,DART,DART,ДАРТС,
,DEBUFF POTION,DEBUFF POTION,ДЕБЪФ ОТВАРА,
,DIAMOND,DIAMOND,ДИАМАНТ,
,DISGUSTING FOOD,DISGUSTING FOOD,ОТВРАТИТЕЛНА ХРАНА,
,DODGE POTION,DODGE POTION,ОТВАРА ЗА ОТБЯГВАНЕ,
,DORU,DORU,ДОРУ,
,DORU2,Wait until the time is right,Изчакай за подходящото време,
,DOUBLE HALBERD,DOUBLE HALBERD,ДВОЙНА АЛЕБАРДА,
,DOUBLE POISON POTION,DOUBLE POISON POTION,ОТВАРА ЗА ДВОЙНА ОТРОВА,
,DRAGONFLY,DRAGONFLY,ВОДНО КОНЧЕ,
,DUCT TAPE,DUCT TAPE,ТИКСО,
,DUCT TAPE2,All effects applied to this are passed to adjacent items,"Всички ефекти, които афектират този предмет, афектират и съседните му предмети",
,DUELING SWORD,DUELING SWORD,МЕЧ ЗА ДУЕЛИРАНЕ,
,EARTHSTONE BLADE,EARTHSTONE BLADE,ОСТРИЕ ОТ ЗЕМЕН КАМЪК,
,ELECTRIC ARROW,ELECTRIC ARROW,ЕЛЕКТРИЧЕСКА СТРЕЛА,
,ELECTRIC STONE,ELECTRIC STONE,ЕЛЕКТРИЧЕСКИ КАМЪК,
,ELECTRIC WAND,ELECTRIC WAND,ЕЛЕКТРИЧЕСКА МАГИЧЕСКА ПРЪЧКА,
,EMERALD BRACELET,EMERALD BRACELET,ИЗУМРУДЕНА ГРИВНА,
,EMERALD,EMERALD,ИЧУМРУД,
,EMPTY CUP,EMPTY CUP,ПРАЗНА ХАЛБА,
,ETHEREAL STAFF,ETHEREAL STAFF,ЕФИРЕН ЖЕЗЪЛ,
,ETHEREAL WAND,ETHEREAL WAND,ЕФИРНА МАГИЧЕСКА ПРЪЧКА,
,ETHEREAL WAND2,A wand capable of summoning energy from beyond our realm,"Магичекса пръчка, сподобна да призве енергия от друго измерение",
,ETHEREAL WHETSTONE,ETHEREAL WHETSTONE,ЕФИРЕН КАМЪК ЗА ТОЧЕНЕ,
,EXPERT BOW,EXPERT BOW,ЕКСПЕРТЕН ЛЪК,
,EXPLOSIVE ARROW,EXPLOSIVE ARROW,ЕКСПЛОЗИРАЩА СТРЕЛА,
,FEATHER CAP,FEATHER CAP,ПЕРНАТО КЕПЕ,
,FISH SWORD,FISH SWORD,РИБЕН МЕЧ,
,FISH SWORD2,"This thing does not smell good. Seriously, wow.","Това нещо не мирише добре. Наистина, уау.",
,FISHING HOOK,FISHING HOOK,КУКА ЗА РИБОЛОВ,
,FISHING HOOK2,Fishing while you work!,"Лови риба, докато работиш!",
,FLOWER,FLOWER,ЦВЕТЕ,
,FROTHY DRINK,FROTHY DRINK,ПЕНЛИВА НАПИТКА,
,GEMSTONE HEART,GEMSTONE HEART,СЪРЦЕ СКЪПОЦЕНЕН КАМЪК,
,GLITCHED POTION,GLITCHED POTION,БЪГАВА ОТВАРА,
,GLOVE OF KNIVES,GLOVE OF KNIVES,РЪКАВИЦА С НОЖОВЕ,
,GLOVE OF KNIVES2,Try it on for size,Пробвай дали ти става,
,GOLD CLEAVER,GOLD CLEAVER,ЗЛАТЕН САТЪР,
,GOLDEN BOW,GOLDEN BOW,ЗЛАТЕН ЛЪК,
,GOLDEN BOW2,Due to their small sizes squirrels and mice often opt for archery rather than brute strength,"Заради малкия си размер, катериците и мишките, често избират стрелба пред груба сила",
,GOLDEN SHIV,GOLDEN SHIV,ЗЛАТЕН ШИВ,
,GOLDEN SHIV2,We've been turning blood to gold for centuries!,От векове превръщаме кръв в злато!,
,GOLDEN WHETSTONE,GOLDEN WHETSTONE,ЗЛАТЕН КАМЪК ЗА ТОЧЕНЕ,
,GUARDIAN RING,GUARDIAN RING,ПРЪСТЕН ПАЗИТЕЛ,
,GUARDING BAND,GUARDING BAND,ПРЕВРЪЗКА ПАЗИТЕЛ,
,GUPPY,GUPPY,ГУПИ,
,HATCHET,HATCHET,БРАДВИЧКА,
,HAWKEYE'S BOW,HAWKEYE'S BOW,ЛЪКЪТ НА ХОУКАЙ,
,HAWKEYE'S BOW2,One of the greatest archers in the ranks of the patrol was Hawkeye Mirabelle. She once shot down two hawks while hanging upside down from a tree,"Един от най-добрите стрелци сред патрула е Хоукай Мирабел. Веднъж тя свалила два ястреба с една стрела, докато висяла с главата надолу от едно дърво.",
,HEART RING,HEART RING,ПРЪСТЕН-СЪРЦЕ,
,HEAVY BLADE,HEAVY BLADE,ТЕЖКО ОСТРИЕ,
,HERB,HERB,БИЛКА,
,HERCULE PAVISE,HERCULE PAVISE,ПАВЕЗЕТО НА ХЕРКУЛЕС,
,HERCULE PAVISE2,The Buckler did it!,Бъклерът го нарпави!,
,HONEYSUCKLE,HONEYSUCKLE,ОРЛОВИ НОКТИ,
,IRON HELMET,IRON HELMET,ЖЕЛЕЗЕН ШЛЕМ,
,JACK CLEAVER,JACK CLEAVER,ДЖАК-САТЪР,
,JADE AXE,JADE AXE,НЕФРИТЕНА БРАДВА,
,JAGGED BLADE,JAGGED BLADE,НАЗЪБЕНО ОСТРИЕ,
,KEG,KEG,БУРЕ,
,KEY SWORD,KEY SWORD,МЕЧ-КЛЮЧ,
,KEY SWORD2,Unlocks your potential as a warrior!,Отключва воинствения ти потенциал!,
,KING CLEAVER,KING CLEAVER,КРАЛ-САТЪР,
,KNIGHT'S ARMOR,KNIGHT'S ARMOR,РИЦАРСКА БРОНЯ,
,KNIGHT'S SHIELD,KNIGHT'S SHIELD,РИЦАРСКИ ЩИТ,
,LARGE HEART RING,LARGE HEART RING,ГОЛЯМ ПРЪСТЕН-СЪРЦЕ,
,LEATHER BOOTS,LEATHER BOOTS,КОЖЕНИ БОНУЩИ,
,LEATHER CAP,LEATHER CAP,КОЖЕНО КЕПЕ,
,LEFT GAUNTLET,LEFT GAUNTLET,ЛЯВА РИЦАРСКА РЪКАВИЦА,
,LEFT GLOVE,LEFT GLOVE,ЛЯВА РЪКАВИЦА,
,LETTER,LETTER,ПИСМО,
,LI'L BUCKLER,LI'L BUCKLER,МАЛ'ЕК БЪКЛЕР,
,LI'L BUCKLER2,A little shield with sass and pep!,Малък нахален и бодър щит!,
,LIGHTNING,LIGHTNING,СВЕТКАВИЦА,
,LIQUID ARMOR,LIQUID ARMOR,ТЕЧНА БРОНЯ,
,LIQUID LUCK,LIQUID LUCK,ТЕЧЕН КЪСМЕТ,
,LIZARD KING SWORD,LIZARD KING SWORD,МЕЧЪТ НА КРАЛЯ ГУЩЕР,
,LONGBOW,LONGBOW,ДЪЛЪГ ЛЪК,
,LUCKY DAGGER,LUCKY DAGGER,КЪСМЕТЛИЙСКИ КИНЖАЛ,
,LUCKY DAGGER2,Lucky for you - not for them,Късметлийски за теб - не за тях,
,LUCKY RING,LUCKY RING,КЪСМЕТЛИЙСКИ ПРЪСТЕН,
,MACE,MACE,БОЗДУГАН,
,MACHETE,MACHETE,МАЧЕТЕ,
,MAGICAL HERB,MAGICAL HERB,МАГИЧЕСКА  БИЛКА,
,MANASTONE BOW,MANASTONE BOW,МАНА-ЛЪК,
,MEAL,MEAL,ХРАНА,
,METALLIC WAND,METALLIC WAND,МЕТАЛНА МАГИЧЕСКА ПРЪЧКА,
,METALLIC WAND2,A static feeling runs through the pads of your paw,Статично електризесто минава през лапите ти,
,MIRROR SHIELD,MIRROR SHIELD,ОГЛЕДАЛЕН ЩИТ,
,MOUSE BOW,MOUSE BOW,МИШИ ЛЪК,
,MY FIRST WAND,MY FIRST WAND,МОЯТА ПЪРВА МАГИЧЕСКА ПРЪЧКА,
,MY FIRST WAND2,Teaches kids the basics of magic!,Тази пръчка въвежда децата в основата на магията !,
,NECRONOMICON,NECRONOMICON,НЕКРОНОМИКОН,
,NECRONOMICON2,The book is bound in fur!,Тази книга е подвързана с козина!,
,NEEDLER,NEEDLER,ИГЛЕНИК,
,NINJA COSTUME,NINJA COSTUME,НИНДЖА КОСТЮМ,
,NUNCHUCKS,NUNCHUCKS,НУНЧАКО,
,NUNCHUCKS2,Make sure you have space to use them!,"Подсигури, че имаш достатъчно място, за да го ползваш!",
,OLD LOG,OLD LOG,СТАР ДЪНЕР,
,ORKSORK AX,ORKSORK AX,ОРК-С-ОРК БРАДВА,
,ORKSORK AX2,The axe of an elder-god,Брадва на древно божество,
,PACIFIST'S RING,PACIFIST'S RING,ПРЪСТЕНА НА ПАЦИФИСТА,
,PALADIN'S SWORD,PALADIN'S SWORD,ПАЛАДИНСКИ МЕЧ,
,PEARL,PEARL,ПЕРЛА,
,PERIDOT,PERIDOT,ОЛИВИН,
,PHILOSOPHER'S STONE,PHILOSOPHER'S STONE,ФИЛОСОФСКИЯ КАМЪК,
,PICK AXE,PICK AXE,КИРКА,
,PIGGYBANK,PIGGYBANK,ПРАСЕ КАСИЧКА,
,PIGGYBANK2,Free money! And it smells like bacon!,Безплатни пари! И мирише на бекон!,
,PLATE ARMOR,PLATE ARMOR,ЗАКАЛЕНА БРОНЯ,
,POISON ARROW,POISON ARROW,ОТРОВНА СТРЕЛА,
,POISON IVY,POISON IVY,ОТРОВЕН БРЪШЛЯН,
,POISON POTION,POISON POTION,ОТРОВНА ОТВАРА,
,POISON WHETSTONE,POISON WHETSTONE,ОТРОВЕН КАМЪК ЗА ТОЧЕНЕ,
,POTTED ALOE,POTTED ALOE,АЛОЕ В САКСИЯ,
,PRETTY ANKLET,PRETTY ANKLET,ВЕРИЖКА ЗА КРАК,
,QUEEN CLEAVER,QUEEN CLEAVER,КРАЛИЦА-САТЪР,
,RARE HERB,RARE HERB,РЯДКА БИЛКА,
,RED HOODIE,RED HOODIE,ЧЕРВЕН АНОРАК,
,RED HOODIE2,A leftover from before Orderia?  The spiders that spun this thread must have been strange indeed!,"Останки от преди Ордерия? Паяците, изтъкали това, трябва да са били наистина странни!",
,REGEN POTION,REGEN POTION,ОТВАРА ЗА РЕГЕНЕРАЦИЯ,
,REGENERATIVE WHETSTONE,REGENERATIVE WHETSTONE,РЕГЕНЕРАТИВЕН КАМЪК ЗА ТОЧЕНЕ,
,RIGHT GAUNTLET,RIGHT GAUNTLET,ДЯСНА РИЦАРСКА РЪКАВИЦА,
,RIGHT GLOVE,RIGHT GLOVE,ДЯСНА РЪКАВИЦА,
,RING OF DOOM,RING OF DOOM,ГИБЕЛЕН ПРЪСТЕН,
,RING OF RAGE,RING OF RAGE,ЯРОСТЕН ПРЪСТЕН,
,ROCKET,ROCKET,РАКЕТА,
,ROGUE'S MASK,ROGUE'S MASK,БАНДИТСКА МАСКА,
,ROOF,ROOF,ПОКРИВ,
,ROSE OF THORNS,ROSE OF THORNS,РОЗА С БОДЛИ,
,ROSE OF THORNS2,"Every rose has its thorns, especially this one","Всяка роза има бодли, особено тази",
,ROUGH BUCKLER,ROUGH BUCKLER,ДЪРВЕН ЩИТ,
,RUBY,RUBY,РУБИН,
,SCIMITAR,SCIMITAR,ЯТАГАН,
,SEASONING,SEASONING,ПОДПРАВКА,
,SHIV,SHIV,ШИВ,
,SHORT ARROW,SHORT ARROW,КЪСА СТРЕЛА,
,SKULL WAND,SKULL WAND,МАГИЧЕСКА ПРЪЧКА С ЧЕРЕП,
,SLATS SHIELD,SLATS SHIELD,ЗАКАЛЕН ЩИЧ,
,SLIME SWORD,SLIME SWORD,СЛУЗЕСТ МЕЧ,
,SMALL KEY,SMALL KEY,МАЛЪК КЛЮЧ,
,SMELT,SMELT,ЛЪЧЕПЕРКА,
,SOLDIER'S BUCKLER,SOLDIER'S BUCKLER,ВОЙНИШКИ ЩИТ,
,SPAGHETTI,SPAGHETTI,СПАГЕТИ,
,SPAGHETTI2,"spaghetti, spaghetti, my backpack is ready","Спагети, спагети, раницата ми е готова",
,SPEEDY LEAF,SPEEDY LEAF,БЪРЗО ЛИСТО,
,SPIKED HELMET,SPIKED HELMET,ШЛЕМ С ШИПОВЕ,
,SPIKED SCALE,SPIKED SCALE,ЛЮСПА С ШИПОВЕ,
,SPIKY CLUB,SPIKY CLUB,БОДЛИВА БУХАЛКА,
,SPLINT,SPLINT,ТРЕСКÀ,
,STAR POTION,STAR POTION,ЗВЕЗДНА ОТВАРА,
,STEAK,STEAK,ПЪРЖОЛА,
,STEAK2,This steak is so rich. You can only eat half at a time,"Тази пържола е толкова хранителна, че можеш да ядеш само половината наведнъж.",
,STEEL BOOTS,STEEL BOOTS,СТОМАНЕНИ БОТУШИ,
,TASTY FLY,TASTY FLY,ВКУСНА МУХА,
,TASTY FLY2,Rats don't eat flies,Плъховете не ядат мухи,
,TEA,TEA,ЧАЙ,
,TEA2,Proper. Dignified. Perfectly balanced,"Истински, перфектно балансиран",
,TEDDY BEAR SWORD,TEDDY BEAR SWORD,ПЛЮШЕНО МЕЧ-Е,
,TEDDY BEAR SWORD2,It's not a weapon. But there is a brick in the stuffing,Това не е оръжие. Но в пълнежа му има тухла,
,THREAD,THREAD,КОНЕЦ,
,TILTED SWORD,TILTED SWORD,КИЛНАТ МЕЧ,
,TOKEN OF ENERGY,TOKEN OF ENERGY,ЕНЕРГИЕН ЖЕТОН,
,TOOTH NECKLACE,TOOTH NECKLACE,ГЕРДАНЧЕ ОТ ЗЪБИ,
,TOWER SHIELD,TOWER SHIELD,ПРАВОЪГЪЛЕН ЩИТ,
,TUNIC,TUNIC,ТУНИКА,
,VAMPIRE BLADE,VAMPIRE BLADE,ВАМПИРСКИ МЕЧ,
,VAMPIRIC AXE,VAMPIRIC AXE,ВАМПИРСКА БРАДВА,
,VAMPIRIC CRYSTAL,VAMPIRIC CRYSTAL,ВАМПИРСКИ КРИСТАЛ,
,VOLATILE POTION,VOLATILE POTION,ИЗБУХЛИВА ОТВАРА,
,WARM DRINK,WARM DRINK,ТОПЛА НАПИТКА,
,WARRIOR'S SPELLBOOK,WARRIOR'S SPELLBOOK,КНИГА С МАГИИ НА ВОЍНА,
,WARRIOR'S SPELLBOOK2,For the warrior on the go!,За воин в движение!,
,WATER FLASK,WATER FLASK,МЕХ С ВОДА,
,WHEEL,WHEEL,КОЛЕЛО,
,WHETSTONE,WHETSTONE,КАМЪК ЗА ТОЧЕНЕ,
,WIZARD CAP,WIZARD CAP,МАГЬОСНИЧЕСКО КЕПЕ,
,WIZARD STAFF,WIZARD STAFF,МАГЬОСНИЧЕСКИ ЖЕЗЪЛ,
,WIZARD'S ROBE,WIZARD'S ROBE,МАГЬОСНИЧЕСКА МАНТИЯ,
,WOODEN SWORD,WOODEN SWORD,ДЪРВЕН МЕЧ,
,ROBOT TOY,ROBOT TOY,РОБОТ ИГРАЧКА,
,ROBOT TOY2,I think it's broken!,"Мисля, че е дефектен!",
,RAPIER,RAPIER,РАПИРА,
,RAPIER2,Live life on the edge ,Живей живота си на ръба ,
,BIG CURSE,BIG CURSE,ГОЛЯМО ПРОКЛЯТИЕ,
,CURSE OF HONEY,CURSE OF HONEY,МЕДЕНО ПРОКЛЯТИЕ,
,CURSE OF POISON,CURSE OF POISON,ОТРОВНО ПРОКЛЯТИЕ,
,CURSE OF POISON WEAPONS,CURSE OF POISON WEAPONS,ПРОКЛЯТИЕ НА ОТРОВНИТЕ ОРЪЖИЯ,
,CURSE OF SLIME,CURSE OF SLIME,СЛУЗЕСТО ПРОКЛЯТИЕ,
,CURSE OF SLOW,CURSE OF SLOW,МУДНО ПРОКЛЯТИЕ,
,CURSE OF SPIKES,CURSE OF SPIKES,ПРОКЛЯТИЕ С ШИПОВЕ,
,CURSE OF THORNS,CURSE OF THORNS,ПРОКЛЯТИЕ С БОДЛИ,
,CURSE OF WEAKNESS,CURSE OF WEAKNESS,ПРОКЛЯТИЕ СЪС СЛАБОСТ,
,MEDIUM CURSE,MEDIUM CURSE,СРЕДНО ПРОКЛЯТИЕ,
,SMALL CURSE,SMALL CURSE,МАЛКО ПРОКЛЯТИЕ,
,BELT OF KNIVES,BELT OF KNIVES,КОЛАН С НОЖОВЕ,
,BARBELL,BARBELL,ЩАНГА,
,BOMBSTONE,BOMBSTONE,БОМБА,
,CLEANSING FLAME,CLEANSING FLAME,ПРЕЧИСТВАЩ ПЛАМЪК,
,CONDUCTOR,CONDUCTOR,ПРОВОДНИК,
,CORAL,CORAL,КОРАЛ,
,FLUFFY COTTON,FLUFFY COTTON,ПУХКАВ ПАМУК,
,GLASS BOTTLE,GLASS BOTTLE,СТЪКЛЕНА БУТИЛКА,
,HOURGLASS,HOURGLASS,ПЯСЪЧЕН ЧАСОВНИК,
,MOUSE WOOD,MOUSE WOOD,МИШЕ ДЪРВО,
,ORE,ORE,РУДА,
,SANDWICH,SANDWICH,САНДВИЧ,
,SHIELD SPIRIT,SHIELD SPIRIT,ДУХЪТ НА ЩИТА,
,SPICE,SPICE,ПОДПРАВКА,
,SPICY GINGER,SPICY GINGER,ДЖИНДЖИФИЛ,
,STOPWATCH,STOPWATCH,ХРОНОМЕТЪР,
,TUSK,TUSK,БИВНИК,
,WINDMILL,WINDMILL,ВЯТЪРНА МЕЛНИЦА,
,FROG TOTEM,FROG TOTEM,ЖАБЕШКИ ТОТЕМ,
,ETHEREAL BLADE,ETHEREAL BLADE,ЕФИРНО ООСТРИЕ,
,ETHEREAL BLADE2,A sword that was too good for this world. We have to share it between dimensions,"Меч, толкова добър за този свят, че трябва да го споделяме между измеренията",
,ETHEREAL ENERGY,ETHEREAL ENERGY,ЕФИРНА ЕНЕРГИЯ ENERGY,
,ETHEREAL SHIV,ETHEREAL SHIV,ЕФИРЕН ШИВ,
,FOX RAPIER,FOX RAPIER,ЛИСИЧА РАПИРА,
,FOX RAPIER2,Foxes can't be trusted,Не можеш да имаш доверие на лисица,
,,,,
,GOLD2,The root of all evil. But also very shiny,Коренът на всяко зло. Но също така и много лъскаво,
,HUGE MANA STONE,HUGE MANA STONE,ОГРОМЕН МАНА-КАМЪК,
,LARGE MANA STONE,LARGE MANA STONE,ГОЛЯМ МАНА-КАМЪК,
,MANA STONE,MANA STONE,МАНА-КАМЪК,
,ETHEREAL ARROW,ETHEREAL ARROW,ЕФИРНА СТРЕЛА,
,Sliding Rune,Sliding Rune,ПЛЪЗГАЩА СЕ РУНА,
,Sliding Rune2,Can slide left or right. Will push adjacent items. Can be rotated before it is placed. Can be used once per combat.,"Може а се плъзга наляво или надясно. Ще избута съседни предмети. Може да се завърти, когато се поставя. Може да се ползва веднъж на битка.",
