Category,Key,English,English,Notes
main menu,menu1,Continue Game,Continue Game,
,menu2,Start Game,Start Game,
,menu3,Start Game from Matthew,Start Game from Matthew,
,menu4,Options,Options,
,menu5,Quit Game,Quit Game,
options,opt1,Music Volume,Music Volume,
,opt2,SFX Volume,SFX Volume,
,opt3,Item Animation Speed,Item Animation Speed,
,opt4,Brightness,Brightness,
,opt5,Rotate,Rotate,
,opt6,FPS,FPS,
,opt7,Screen Size,Screen Size,
,opt8,Quality,Quality,
,opt9,Language,Language,
,opt10,Return to Menu,Return to Menu,
,clickMe,Click me!,Click me!,
,sellHere,Drag to me to Sell,Drag to me to Sell,
,noMoreSale,I only buy one item!,I only buy one item!,
,on,on,on,
,off,off,off,
,windowed,windowed,windowed,
,full screen,full screen,full screen,
,borderless,borderless,borderless,
,unlimited,unlimited,unlimited,
,low,low,low,
,medium,medium,medium,
,high,high,high,
gameManagerMessages,gmreo,Reorganize now to claim this item!,Reorganize now to claim this item!,
,gm1,Finished!,Finished!,
,gm2,Must be in an empty room!,Must be in an empty room!,
,gm3,Cannot save right now!,Cannot save right now!,
,gm4,Complete tutorial to save!,Complete tutorial to save!,
,gm5,Cannnot save while moving!,Cannnot save while moving!,
,gm6,Finale,Finale,
,gm7,Part /x of /y,Part /x of /y,
,gm8,Finished Choosing,Finished Choosing,
,gm9,Can't take more items,Can't take more items,
,gm10,Take /x items,Take /x items,
,gm11,Take 1 item,Take 1 item,
,gmb,Battle Start!,Battle Start!,
,gmpt,Player Turn!,Player Turn!,
,gmet,Enemy Turn!,Enemy Turn!,
,gm12,You win!,You win!,
,gm13,Level Up!,Level Up!,
,gm14,Get items!,Get items!,
,gm15,Not enough energy,Not enough energy,
,gm16,Any items left outside the backpack will be lost,Any items left outside the backpack will be lost,
,gm17,Finished Reorganizing,Finished Reorganizing,
,gm18,Save Failed!,Save Failed!,
,gm19,You have been cursed!,You have been cursed!,
,gm20,Skip curse. Take /x damage,Skip curse. Take /x damage,
,gm21,Choose an item,Choose an item,
,gm22,Never Mind,Never Mind,as a response when not selecting an item
,gm23,You must place all curses!,You must place all curses!,
,gm24,Cannot be combined with selected item,Cannot be combined with selected item,
,gm25,Cannot be used!,Cannot be used!,
,gm26,Not enough connected Mana,Not enough connected Mana,
,gm27,Not enough Gold,Not enough Gold,
,gm28,No more uses this combat,No more uses this combat,
,gm29,No more uses this turn,No more uses this turn,
,gm30,No more uses,No more uses,
,gm31,This item is disabled,This item is disabled,
,gm32,Anchored,Anchored,
,gm33,Cannot move a curse,Cannot move a curse,
,gm34,Cannot move here,Cannot move here,
,gm35,Cannot afford,Cannot afford,
,gm36,Cannot place here,Cannot place here,
,gm37,Finish Battle to Continue,Finish Battle to Continue,
,gm38,Can't move here!,Can't move here!,
,gm39,Pathway blocked!,Pathway blocked!,
,gm40,Game Loaded,Game Loaded,
,gm41,Game Saved,Game Saved,
,retry,retry,retry,
,gm42,Choose /x spaces,Choose /x spaces,
,gmSatchel1,Items must be placed on a rune space!,Items must be placed on a rune space!,
,gmSatchel2,You can't move items once they're crammed in!,You can't move items once they're crammed in!,
,gmSatchel3,There's no space to cram it in!,There's no space to cram it in!,
minigames,mini1,Spin /x gold,Spin /x gold,
,mini2,Spin - free,Spin - free,
,mini3,Can't leave yet,Can't leave yet,
,mini4,Finish your guess to leave,Finish your guess to leave,
,mini5,No more guesses!,No more guesses!,
,mini6,Matching,Matching,
,mini7,You have /x guesses remaining,You have /x guesses remaining,
tutorials,tut1,In combat you click items to use them. You must defeat all enemies to continue.,In combat you click items to use them. You must defeat all enemies to continue.,
,tut2,"Add all items to your backpack to continue! While holding an item, you can press right mouse or arrow keys to rotate it!","Add all items to your backpack to continue! While holding an item, you can press right mouse or arrow keys to rotate it!",
enemyCards,enemyXP,You will get /x experience for defeating this enemy,You will get /x experience for defeating this enemy,
,enemyC,"Cowardly! Will flee if only cowardly enemies remain""","Cowardly! Will flee if only cowardly enemies remain""",
,enemyS,This enemy is a summon,This enemy is a summon,
,enemyHP,HP: /x / /y,HP: /x / /y,"example: ""HP: 3 / 5"""
enemies,Armadillo,Armadillo,Armadillo,
,Armadillo1,These armadillos are legendary for their defensive abilities! And their stench!,These armadillos are legendary for their defensive abilities! And their stench!,
,Badger Boss,Badger Boss,Badger Boss,
,Badger Boss1,The Badger Boss is a true threat!,The Badger Boss is a true threat!,
,Badger,Badger,Badger,
,Badger1,You never see these guys alone. So annoying!,You never see these guys alone. So annoying!,
,Bandit Lord,Bandit Lord,Bandit Lord,
,Bandit Lord1,Isn't rebelling against authority the whole point of being a bandit?,Isn't rebelling against authority the whole point of being a bandit?,
,Bat,Bat,Bat,
,Bat1,These bats don't drink... wine...,These bats don't drink... wine...,
,Blademaster,Blade Master,Blade Master,
,Blademaster1,"""You seem a decent fellow, I hate to kill you""","""You seem a decent fellow, I hate to kill you""",
,Bearded Dragon,Bearded Dragon,Bearded Dragon,
,Bearded Dragon1,Karate practice is a way of life,Karate practice is a way of life,
,Blue Slime,Blue Slime,Blue Slime,
,Blue Slime1,Blueberry flavor! Mmm!,Blueberry flavor! Mmm!,
,Crossbowman,Crossbowman,Crossbowman,
,Crossbowman1,Hares - Nimbler than Badgers and stronger than Rabbits. They are ideal crossbowmen in the King's army,Hares - Nimbler than Badgers and stronger than Rabbits. They are ideal crossbowmen in the King's army,
,Crow Bandit,Crow Bandit,Crow Bandit,
,Crow Bandit1,They'll take your stuff and fly off,They'll take your stuff and fly off,
,Cultist Blade,Cultist Blade,Cultist Blade,
,Cultist Blade1,From his hand a gold chain dangles - an idol of his leader,From his hand a gold chain dangles - an idol of his leader,
,Cultist,Cultist,Cultist,
,Cultist1,The cult is a pathway to many unnatural abilities,The cult is a pathway to many unnatural abilities,
,Elder Mage,Elder Mage,Elder Mage,
,Elder Mage1,From his hand a gold chain dangles - an idol of his leader,From his hand a gold chain dangles - an idol of his leader,
,Ferret King,Ferret King,Ferret King,
,Ferret King1,He'd be kind of cute if he wasn't such a violent person,He'd be kind of cute if he wasn't such a violent person,
,Fire Gecko,Fire Gecko,Fire Gecko,
,Fire Gecko1,"Years of training, but no match for a magical backpack","Years of training, but no match for a magical backpack",
,Frog Wizard,Frog Wizard,Frog Wizard,
,Frog Wizard1,Frogs know about a deep magic that appears on rare Wednesdays,Frogs know about a deep magic that appears on rare Wednesdays,
,Gerbil Ruffian,Gerbil Ruffian,Gerbil Ruffian,
,Gerbil Ruffian1,Rumor has it that Gerbils used to be pets before the founding of Orderia. These overgrown monsters make you doubt it.,Rumor has it that Gerbils used to be pets before the founding of Orderia. These overgrown monsters make you doubt it.,
,Glory Knight,Glory Knight,Glory Knight,
,Glory Knight1,Courageous heroes who have lost their way,Courageous heroes who have lost their way,
,Grandmaster,Grandmaster,Grandmaster,
,Grandmaster1,The fires of this place will turn you to ashes,The fires of this place will turn you to ashes,
,Hawk Knight,Hawk Knight,Hawk Knight,
,Hawk Knight1,Noble. Screechingly loud. Pretty annoying really,Noble. Screechingly loud. Pretty annoying really,
,Hermit Crab,Hermit Crab,Hermit Crab,
,Hermit Crab1,"Sure they're crabs, but most hermits are easier to avoid","Sure they're crabs, but most hermits are easier to avoid",
,King,King,King,
,King1,"""All the world will be your enemy""","""All the world will be your enemy""",
,Lil Bee,Li'l Bee,Li'l Bee,
,Lil Bee1,These small bees are all drones of the queen ,These small bees are all drones of the queen ,
,Living Shadow,Living Shadow,Living Shadow,
,Living Shadow1,A dark shadow of yourself.  Doppel-get-over-it!,A dark shadow of yourself.  Doppel-get-over-it!,
,Muskrat Brigand,Muskrat Brigand,Muskrat Brigand,
,Muskrat Brigand1,"Tiny, spiny, they'll kick you in your... face","Tiny, spiny, they'll kick you in your... face",
,Newt,Newt,Newt,
,Newt1,Newts stay in moist areas. It's pretty nasty really,Newts stay in moist areas. It's pretty nasty really,
,Olm,Olm,Olm,
,Olm1,Is it getting hot in here?,Is it getting hot in here?,
,Pink Flower,Pink Flower,Pink Flower,
,Pink Flower1,Beautiful but deadly,Beautiful but deadly,
,Porcupine ,Porcupine ,Porcupine ,
,Porcupine1,Porcupines are usually friendly creatures. Something horrible must have happened to her,Porcupines are usually friendly creatures. Something horrible must have happened to her,
,Purple Slime,Purple Slime,Purple Slime,
,Purple Slime1,Grape flavor. Delicious!,Grape flavor. Delicious!,
,Queen Bee,Queen Bee,Queen Bee,
,Queen Bee1,The queen bee commands the armies!,The queen bee commands the armies!,
,Rabbit,Rabbit,Rabbit,
,Rabbit1,The rabbit knows you are in its garden,The rabbit knows you are in its garden,
,Ratwolf,Ratwolf,Ratwolf,
,Ratwolf1,"The ratwolf has long patrolled these halls, killing adventurers who stray too far","The ratwolf has long patrolled these halls, killing adventurers who stray too far",
,Red Slime,Red Slime,Red Slime,
,Red Slime1,Strawberry flavor!,Strawberry flavor!,
,Repxecutioner,Repxecutioner,Repxecutioner,
,Repxecutioner1,These lizards are known for their legendary fighting ability,These lizards are known for their legendary fighting ability,
,Rude Rooster,Rude Rooster,Rude Rooster,
,Rude Rooster1,This guy punched through his shell at 20 days old,This guy punched through his shell at 20 days old,
,Sable,Sable,Sable,
,Sable1,Sables are fierce predators,Sables are fierce predators,
,Sage Toad,Sage Toad,Sage Toad,
,Sage Toad1,Wise toads are no one to be trifled with. That is all you need to know,Wise toads are no one to be trifled with. That is all you need to know,
,Salamander,Salamander,Salamander,
,Salamander1,"Wary, powerful, dignified, really long tongue","Wary, powerful, dignified, really long tongue",
,Skink,Skink,Skink,
,Skink1,"Skinks appear silently, sneaking digits snap up treasures from the unsuspecting","Skinks appear silently, sneaking digits snap up treasures from the unsuspecting",
,Slime,Slime,Slime,
,Slime1,These goopy creatures make you feel sick!,These goopy creatures make you feel sick!,
,Small Ratwolf,Small Ratwolf,Small Ratwolf,
,Small Ratwolf1,The smaller version of the ratwolves that patrol the upper layers of the dungeon,The smaller version of the ratwolves that patrol the upper layers of the dungeon,
,Snake,Snake,Snake,
,Snake1,"Poisonous, Dangerous, keep them away from planes","Poisonous, Dangerous, keep them away from planes",
,Speaker,Speaker,Speaker,
,Speaker1,The speaker interprets the will of the Dark Lady,The speaker interprets the will of the Dark Lady,
,Travelling Warrior,Travelling Warrior,Travelling Warrior,
,Travelling Warrior1,"Known for their fast movement and defensive abilities, these rogues are dangerous! Watch out!","Known for their fast movement and defensive abilities, these rogues are dangerous! Watch out!",
,Turtle,Turtle,Turtle,
,Turtle1,Their shells are hard. Their hearts are even harder.,Their shells are hard. Their hearts are even harder.,
,Vole,Vole,Vole,
,Vole1,Voles are notorious for walking off with anything that isn't nailed down,Voles are notorious for walking off with anything that isn't nailed down,
,White Flower,White Flower,White Flower,
,White Flower1,Beautiful but deadly,Beautiful but deadly,
enemy actions,ea1,Will attack for /x damage,Will attack for /x damage,
,ea1a,Will attack all enemies for /x damage,Will attack all enemies for /x damage,
,ea2,Will add /x block,Will add /x block,
,ea2a,Will add /x block to all enemies,Will add /x block to all enemies,
,ea3,Will heal for /x,Will heal for /x,
,ea3a,Will heal all enemies for /x,Will heal all enemies for /x,
,ea4,Will not take any action,Will not take any action,
,ea5,Will add /x poison,Will add /x poison,
,ea6,Will add /x burn,Will add /x burn,
,ea7,Will add /x regeneration,Will add /x regeneration,
,ea7a,Will add /x regeneration to all enemies,Will add /x regeneration to all enemies,
,ea8,Will add /x spikes,Will add /x spikes,
,ea8a,Will add /x spikes to all enemies,Will add /x spikes to all enemies,
,ea9,Will add /x dodge,Will add /x dodge,
,ea9a,Will add /x dodge to all enemies,Will add /x dodge to all enemies,
,ea10,Will add /x slow,Will add /x slow,
,ea11,Will add /x weak,Will add /x weak,
,ea12,Will summon an enemy,Will summon an enemy,
,ea13,Will deal /x vampirism,Will deal /x vampirism,
,ea14,Will add one of these curses:,Will add one of these curses:,
,,,,
,,,,
,,,,
,,,,
,,,,
,,,,
,,,,
,,,,
Levels,The Crypt,The Crypt,The Crypt,
,The Bramble,The Bramble,The Bramble,
,Deep Cave,Deep Cave,Deep Cave,
,Enchanted Swamp,Enchanted Swamp,Enchanted Swamp,
,Magma Core,Magma Core,Magma Core,
map events,map1,Enemies here:,Enemies here:,
,map2,Exit to: /x,Exit to: /x,
,map3,A chest of valuables!,A chest of valuables!,
,map4,An unknown event is here!,An unknown event is here!,
,map5,A merchant is selling goods here!,A merchant is selling goods here!,
,map6,A locked door! I need a key!,A locked door! I need a key!,
,map7,A healer!,A healer!,
,mapPurse,There I am! I have been doodling on the map,There I am! I have been doodling on the map,
,mapSatchel,That's me! I think I spilled some coffee on the map,That's me! I think I spilled some coffee on the map,
character select,characterSelect,Character Select,Character Select,
,purse,purse,purse,
,purse1,"A peppy rat from a poor village in Oakshire Forest, she aims to storm the dungeon, rebuild her village, and save her family!","A peppy rat from a poor village in Oakshire Forest, she aims to storm the dungeon, rebuild her village, and save her family!",
Events,,,,///////////////I is intros and f is farewells
,evg,/x gold,/x gold,indicating a cost of x gold
,,,,
,evtn,Welcome to the dungeon!,Welcome to the dungeon!,
,evto1,You must conquer the dungeon by delving deep to the center to discover the ancient cheeses hidden there. You are armed only with your magic backpack.,You must conquer the dungeon by delving deep to the center to discover the ancient cheeses hidden there. You are armed only with your magic backpack.,
,evtb1,I'm ready!,I'm ready!,
,evtb1o1,"You head into the dungeon, knowing very few make it back alive!","You head into the dungeon, knowing very few make it back alive!",
,,,,
,evten,The end?,The end?,
,evteo1,You have made it to the center of the dungeon and have found the golden cheese! More content is coming! Please join our discord and show off your  backpack!,You have made it to the center of the dungeon and have found the golden cheese! More content is coming! Please join our discord and show off your  backpack!,
,evteb1,Continue in Endless Mode,Continue in Endless Mode,
,evteb1o1,You continue forward! Things are about to get pretty hard...,You continue forward! Things are about to get pretty hard...,
,evteb2,New game!,New game!,
,evteb2o1,You decide to start again to get new cheese!,You decide to start again to get new cheese!,
,,,,
,,,,
,,,,
,,,,
,,,,
,evldn,Locked door,Locked door,
,evldo1,You encounter a locked door. Will you open it?,You encounter a locked door. Will you open it?,
,evldb1,Unlock the door,Unlock the door,
,evldb1o1,You open the door.,You open the door.,
,evldb2,Leave,Leave,
,evldb2o1,You leave the door.,You leave the door.,
,,,,
,,,,
,,,,
,ev1n,The master returns,The master returns,
,ev1o1,"You see him from a distance, kneeling yet noble. It seems he saw you long before. His mouse eyes are strong and piercing. You feel that he sees into your soul... 'May I help you further?' he asks. 'A few coins and I will give you an item for archers.'","You see him from a distance, kneeling yet noble. It seems he saw you long before. His mouse eyes are strong and piercing. You feel that he sees into your soul... 'May I help you further?' he asks. 'A few coins and I will give you an item for archers.'",
,ev1b1,Get an item,Get an item,
,ev1b1o1,"He takes the coins and rubs them in his mouse paw. ""Just a few will do nicely. I hope this can help you further,"" he says.","He takes the coins and rubs them in his mouse paw. ""Just a few will do nicely. I hope this can help you further,"" he says.",
,ev1b1o1t1,Fly true like an arrow,Fly true like an arrow,
,ev1b1o1t2,Be one with your aim,Be one with your aim,
,ev1b2,Not for me,Not for me,
,ev1b1o2t,"I understand, he says and leans against the nearby wall. ""Don't worry. Archers are coming soon. The dungeon will improve with time.""","I understand, he says and leans against the nearby wall. ""Don't worry. Archers are coming soon. The dungeon will improve with time.""",
,ev1b1o2t1,Archery requires time.,Archery requires time.,
,ev1i1,The arrow flies straight.,,
,ev1i2,The path of an arrow - to the heart,,
,ev1i3,Archery is an art,,
,ev1i4,Arrows require patience,,
,ev1f1,May we meet again,,
,ev1f2,In another life...,,
,ev1f3,Fly straight,,
,ev1f4,Aim true,,
,ev1f5,Bullseye.,,
,ev1f6,Stay in range,,
,,,,
,ev2n,Master Archer,Master Archer,
,ev2o1,"You see him from a distance, kneeling yet noble. It seems he saw you long before. His mouse eyes are strong and piercing. You feel that he sees into your soul... ""A trade my sibling?"" he asks. ""Discard the tools of badgers. Be one with flight.""","You see him from a distance, kneeling yet noble. It seems he saw you long before. His mouse eyes are strong and piercing. You feel that he sees into your soul... ""A trade my sibling?"" he asks. ""Discard the tools of badgers. Be one with flight.""",
,ev2b1,"Give a weapon, get archery kit.","Give a weapon, get archery kit.",
,ev2b1o1,"He takes the weapon and tosses it into the darkness. ""This is not a weapon. It is a crutch."" He hands you new items.","He takes the weapon and tosses it into the darkness. ""This is not a weapon. It is a crutch."" He hands you new items.",
,ev2b1o1t1,Welcome to the school of archery.,Welcome to the school of archery.,
,ev2b2,Not for me,Not for me,
,ev2b2o1,"I understand, he says and leans against the nearby wall. ""Don't worry. Archers are coming soon. The dungeon will improve with time.""","I understand, he says and leans against the nearby wall. ""Don't worry. Archers are coming soon. The dungeon will improve with time.""",
,ev2b2o1t1,Archery requires time.,Archery requires time.,
,,,,
,ev3n,The retiring Chef,The retiring Chef,
,ev3o1,"Age has crept in around his snout. You can see the white fur and shaggy edges from around his coat. ""I'm getting out of the game,"" he says. ""If you have something to eat, I might as well give you my cleaver.""","Age has crept in around his snout. You can see the white fur and shaggy edges from around his coat. ""I'm getting out of the game,"" he says. ""If you have something to eat, I might as well give you my cleaver.""",
,ev3b1,Trade food for a cleaver,Trade food for a cleaver,
,ev3b1o1,"Looks good to me, he says. You can't believe that he eats the whole thing without a moment's thought. ""Here you go,"" he says and hands you his chef knife. ""I won't be needing this any more.""","Looks good to me, he says. You can't believe that he eats the whole thing without a moment's thought. ""Here you go,"" he says and hands you his chef knife. ""I won't be needing this any more.""",
,ev3b1o1t1,I loved that knife. Use it well!,I loved that knife. Use it well!,
,ev3b1o1t2,I hope you like it!,I hope you like it!,
,ev3b2,No thanks!,No thanks!,
,ev3b2o1,You turn to leave.,You turn to leave.,
,ev3b2o1t1,Sure you won't change your mind?,Sure you won't change your mind?,
,ev3i1,Ah! Hope you aren't too hungry.,Ah! Hope you aren't too hungry.,
,ev3i2,Oh my!,Oh my!,
,ev3f1,Eat well!,Eat well!,
,ev3f2,Be well fed!,Be well fed!,
,ev3f3,Taste victory!,Taste victory!,
,ev3f4,Stay full!,Stay full!,
,ev3f5,Find cheese!,Find cheese!,
,ev3f6,Welcome! Eat well!,Welcome! Eat well!,
,ev3f7,Ah! A customer!,Ah! A customer!,
,,,,
,ev4n,Chef's platter,Chef's platter,
,ev4b1,Buy some food!,Buy some food!,
,ev4b1o1,"Very good, he says. ""Another perhaps?""","Very good, he says. ""Another perhaps?""",
,ev4b2,"No, thank you","No, thank you",
,ev4b2o1,"Very good sir, he says. ""But please do change your mind.""","Very good sir, he says. ""But please do change your mind.""",
,ev4b2o1t1,More food to be had!,More food to be had!,
,ev4b2o1t2,Eat again!,Eat again!,
,,,,
,ev5n,Eyes,Eyes,
,ev5o1,The wall splits open. Inside you can see a vast abyss. Green eyes peer in. You recognize them as the eyes of a predator. Strange sounds echo from the place and an offer is made...,The wall splits open. Inside you can see a vast abyss. Green eyes peer in. You recognize them as the eyes of a predator. Strange sounds echo from the place and an offer is made...,
,ev5b1,Take a rare item for a curse,Take a rare item for a curse,
,ev5b1o1,You can feel an acknowledgement and an item appears. The eyes watch as a horrible curse is placed in your backpack,You can feel an acknowledgement and an item appears. The eyes watch as a horrible curse is placed in your backpack,
,ev5b1o2,"Two items appear in front of you, but a horrible curse has been placed upon you. The eyes give no sign of emotion.","Two items appear in front of you, but a horrible curse has been placed upon you. The eyes give no sign of emotion.",
,ev5b2,No thanks,No thanks,
,ev5b2o1,The eyes watch you. They show no sign of emotion. ,The eyes watch you. They show no sign of emotion. ,
,ev5i1,01100111 01101111 01101110 01100101,01100111 01101111 01101110 01100101,
,ev5i2,01110111 01100001 01110010,01110111 01100001 01110010,
,ev5i3,01101101 01100001 01101011 01100101 01110010 01110011,01101101 01100001 01101011 01100101 01110010 01110011,
,ev5f1,01110010 01100101 01101100 01101001 01100011 01110011,01110010 01100101 01101100 01101001 01100011 01110011,
,ev5f2,01100100 01100001 01101110 01100111 01100101 01110010,01100100 01100001 01101110 01100111 01100101 01110010,
,ev5f3,01100001 01101000 01100101 01100001 01100100,01100001 01101000 01100101 01100001 01100100,
,,,,
,ev6n,Brandy the Otter,Brandy the Otter,
,ev6o1,"Well, howdy! she says as you approach! Her nose wiggles and she shakes her gigantic tail. ""I've been doing some fishing. Care to buy one?""","Well, howdy! she says as you approach! Her nose wiggles and she shakes her gigantic tail. ""I've been doing some fishing. Care to buy one?""",
,ev6b1,Buy a fish!,Buy a fish!,
,ev6b1o1,"She tosses you a fish. ""Care for another?""","She tosses you a fish. ""Care for another?""",
,ev6b1o1t1,Hope you enjoy it!,Hope you enjoy it!,
,ev6b1o1t2,That's good!,That's good!,
,ev6b2,No thanks,No thanks,
,ev6b2o1,You say no. The smell is starting to get to be a bit much.,You say no. The smell is starting to get to be a bit much.,
,ev6b2o1t1,I'm still here if you want more!,I'm still here if you want more!,
,ev6b2o1t2,"If you want a fish, let me know!","If you want a fish, let me know!",
,ev6i1,Well howdy traveler!,Well howdy traveler!,
,ev6i2,"Nothing like a good fish, ya hear?","Nothing like a good fish, ya hear?",
,ev6i3,I'm hungry! Need to chomp!,I'm hungry! Need to chomp!,
,ev6i4,Oh! Well how ya' doin' friend?,Oh! Well how ya' doin' friend?,
,ev6i5,Mmm... hi howdy there!,Mmm... hi howdy there!,
,ev6f1,See you again soon!,See you again soon!,
,,,,
,ev7n,The Forge - Shield,The Forge - Shield,
,ev7o1,"A badger stands by her anvil. Her arms strong and resilient from years spent in the dungeon. She nods at you. ""I forge,"" she says. Badgers aren't much for words. ""Upgrade?"" she asks.","A badger stands by her anvil. Her arms strong and resilient from years spent in the dungeon. She nods at you. ""I forge,"" she says. Badgers aren't much for words. ""Upgrade?"" she asks.",
,ev7b1,Add 4 block,Add 4 block,
,ev7b1o1,"She takes your shield and strikes it. A ring echoes out through the dungeon. ""Weak,"" she says. ""Make better."" With a few precise blows she reshapes the shield. You didn't know it could look this good.","She takes your shield and strikes it. A ring echoes out through the dungeon. ""Weak,"" she says. ""Make better."" With a few precise blows she reshapes the shield. You didn't know it could look this good.",
,ev7b1o1t1,You enjoy.,You enjoy.,
,ev7b2,Add 1 spike,Add 1 spike,
,ev7b2o1,"She takes your shield and strikes it. A ring echoes out through the dungeon. ""Weak,"" she says. ""Make better."" With a few precise blows she reshapes the shield. You didn't know it could look this good.","She takes your shield and strikes it. A ring echoes out through the dungeon. ""Weak,"" she says. ""Make better."" With a few precise blows she reshapes the shield. You didn't know it could look this good.",
,ev7b2o1t1,Better now.,Better now.,
,ev7b3,Add 1 haste,Add 1 haste,
,ev7b3o1,"She takes your shield and strikes it. A ring echoes out through the dungeon. ""Weak,"" she says. ""Make better."" With a few precise blows she reshapes the shield. You didn't know it could look this good.","She takes your shield and strikes it. A ring echoes out through the dungeon. ""Weak,"" she says. ""Make better."" With a few precise blows she reshapes the shield. You didn't know it could look this good.",
,ev7b3o1t1,Work fun.,Work fun.,
,ev7b4,No thanks,No thanks,
,ev7b4o1,She nods and carries on her work.,She nods and carries on her work.,
,ev7b4o1t1,Work to do.,Work to do.,
,ev7b4o1t2,No want?,No want?,
,ev7b4o1t3,Still here...,Still here...,
,ev7i1,This my forge,,
,ev7i2,Welcome to forge,,
,ev7i3,I am a crafter,,
,ev7i4,I craft for ages...,,
,ev7f1,Be well,,
,ev7f2,Be strong,,
,ev7f3,Be fierce,,
,ev7f4,Be like Badger,,
,,,,
,ev8n,The Forge - Weapon,The Forge - Weapon,
,ev8o1,"A badger stands by her anvil. Her arms strong and resilient from years spent in the dungeon. She nods at you. ""I forge,"" she says. Badgers aren't much for words. ""Upgrade?"" she asks.","A badger stands by her anvil. Her arms strong and resilient from years spent in the dungeon. She nods at you. ""I forge,"" she says. Badgers aren't much for words. ""Upgrade?"" she asks.",
,ev8b1,Add 5 damage,Add 5 damage,
,ev8b1o1,"She takes your weapon, turns it a few times, and then presses it to her anvil. Her hammer sends sparks flying and you turn around to cover your eyes. When you turn back, your weapon glows with a new purpose.","She takes your weapon, turns it a few times, and then presses it to her anvil. Her hammer sends sparks flying and you turn around to cover your eyes. When you turn back, your weapon glows with a new purpose.",
,ev8b1o1t1,I help,I help,
,ev8b2,Add 2 Poison,Add 2 Poison,
,ev8b2o1,"She takes your weapon, turns it a few times, and then presses it to her anvil. Her hammer sends sparks flying and you turn around to cover your eyes. When you turn back, your weapon glows with a new purpose.","She takes your weapon, turns it a few times, and then presses it to her anvil. Her hammer sends sparks flying and you turn around to cover your eyes. When you turn back, your weapon glows with a new purpose.",
,ev8b2o1t1,I help,I help,
,ev8b3,Add 1 rage,Add 1 rage,
,ev8b3o1,"She takes your weapon, turns it a few times, and then presses it to her anvil. Her hammer sends sparks flying and you turn around to cover your eyes. When you turn back, your weapon glows with a new purpose.","She takes your weapon, turns it a few times, and then presses it to her anvil. Her hammer sends sparks flying and you turn around to cover your eyes. When you turn back, your weapon glows with a new purpose.",
,ev8b3o1t1,I help,I help,
,ev8b4,No thanks,No thanks,
,ev8b4o1,She nods and carries on her work.,She nods and carries on her work.,
,ev8b4o1t1,Work to do.,Work to do.,
,ev8b4o1t2,No want?,No want?,
,ev8b4o1t3,Still here...,Still here...,
,,,,
,ev9n,Healer,Healer,
,ev9o1,The porcupine's have travelling clinics throughout the dungeon. They seek to heal the animals who venture deep into the dangers here.,The porcupine's have travelling clinics throughout the dungeon. They seek to heal the animals who venture deep into the dangers here.,
,ev9b1,Heal 25 health,Heal 25 health,
,ev9b1o1,"She runs her paw across your wounds. The quills on her back shake and you are lost in the sound of them. When you come to, many wounds are healed.","She runs her paw across your wounds. The quills on her back shake and you are lost in the sound of them. When you come to, many wounds are healed.",
,ev9b1o1t1,You look stronger my dear!,You look stronger my dear!,
,ev9b1o1t2,Glad to have helped you!,Glad to have helped you!,
,ev9b1o1t3,I am here for you!,I am here for you!,
,ev9b1o1t4,Those wounds are gone.,Those wounds are gone.,
,ev9b2,Gain 5 max health ,Gain 5 max health ,
,ev9b2o1,"She reaches out to you. You feel a great strength in you rising. Your paws are firmly planted, but it almost feels that you are floating.","She reaches out to you. You feel a great strength in you rising. Your paws are firmly planted, but it almost feels that you are floating.",
,ev9b2o1t1,You are stronger now than before.,You are stronger now than before.,
,ev9b2o1t2,I see your strength.,I see your strength.,
,ev9b2o1t3,May you achieve what seemed impossible.,May you achieve what seemed impossible.,
,ev9b2o1t4,Your bravery astounds me.,Your bravery astounds me.,
,ev9b3,Remove all curses,Remove all curses,
,ev9b3o1,"I sense a great disturbance, she says. ""Something horrible has been placed in your backpack. Let me see."" She removes a single quill and pokes it into your bag carefully in several spots. ""That should do it,"" she says.","I sense a great disturbance, she says. ""Something horrible has been placed in your backpack. Let me see."" She removes a single quill and pokes it into your bag carefully in several spots. ""That should do it,"" she says.",
,ev9b3o1t1,The curses can't hurt you now.,The curses can't hurt you now.,
,ev9b3o1t2,Your backpack is a true friend.,Your backpack is a true friend.,
,ev9b3o1t3,Curses are temporary.,Curses are temporary.,
,ev9b3o1t4,Heroics are forever.,Heroics are forever.,
,ev9b4,Nothing for me,Nothing for me,
,ev9b4o1,Very well she says.,Very well she says.,
,ev9b4o1t1,We are with you,We are with you,
,ev9i1,Welcome to our healing center!,Welcome to our healing center!,
,ev9i2,We are here to protect the brave!,We are here to protect the brave!,
,ev9i3,"Come hero, let me heal you!","Come hero, let me heal you!",
,ev9f1,Stay safe!,Stay safe!,
,ev9f2,My sisters are here for you!,My sisters are here for you!,
,ev9f3,May we meet again!,May we meet again!,
,,,,
,ev10n,Magic Font,Magic Font,
,ev10o1,"Nestled deep in a throng of mushrooms you see a magical font, its cool waters flowing. Above the water, a humid mist circles and spills over the edge. In the distance  you hear frogs croaking... no... chanting.","Nestled deep in a throng of mushrooms you see a magical font, its cool waters flowing. Above the water, a humid mist circles and spills over the edge. In the distance  you hear frogs croaking... no... chanting.",
,ev10b1,Say a prayer...[+3 max hp],Say a prayer...[+3 max hp],
,ev10b1o1,"You wish to make it home safely, your backpack overflowing with rare cheeses. You feel a warmth in you. You can do this!","You wish to make it home safely, your backpack overflowing with rare cheeses. You feel a warmth in you. You can do this!",
,ev10b2,take a bath [+15 hp],take a bath [+15 hp],
,ev10b2o1,The water feels warm and relaxing on your skin. The croaking grows louder. From behind a mushroom a frog nods at you. Your wounds are healed.,The water feels warm and relaxing on your skin. The croaking grows louder. From behind a mushroom a frog nods at you. Your wounds are healed.,
,ev10b3,Kick it over! [Start a battle!],Kick it over! [Start a battle!],
,ev10b3o1,"You watch the water as it flows across the floor of the dungeon. It pools up around the feet of an enemy. You look up. The frogs are not happy. ""Zealot!"" they cry and attack!","You watch the water as it flows across the floor of the dungeon. It pools up around the feet of an enemy. You look up. The frogs are not happy. ""Zealot!"" they cry and attack!",
,,,,
,ev11n,Buckler-o,Buckler-o,
,ev11extra,Drop the li'l Buckler! You can take the item you land on!,Drop the li'l Buckler! You can take the item you land on!,
,ev11i1,Nothing up my sleeves!,Nothing up my sleeves!,
,ev11i2,My left foot is lucky!,My left foot is lucky!,
,ev11i3,My house looks like a hat!,My house looks like a hat!,
,ev11f1,Magical!,Magical!,
,,,,
,ev12n,The Alchemist,The Alchemist,
,ev12o1,"Well hello there. Her voice is cool and friendly - not what you expected. ""May I interest you in some potions? In return... I ask for just a taste."" ""A taste? Of me?"" you ask. ""Just a nibble darling,"" she says. ""You'll barely feel a thing.""","Well hello there. Her voice is cool and friendly - not what you expected. ""May I interest you in some potions? In return... I ask for just a taste."" ""A taste? Of me?"" you ask. ""Just a nibble darling,"" she says. ""You'll barely feel a thing.""",
,ev12b1,Get a potion. [Lose 5 health],Get a potion. [Lose 5 health],
,ev12b1o1,"Her teeth press into your neck. ""Oh delicious. May I tempt you again?""","Her teeth press into your neck. ""Oh delicious. May I tempt you again?""",
,ev12b2,No thanks!,No thanks!,
,ev12b2o1,"Very well darling, she says. ""Though I am sorry to see you go.""","Very well darling, she says. ""Though I am sorry to see you go.""",
,ev12b2o1t1,"Your loss, my sweet.","Your loss, my sweet.",
,ev12i1,"So vital. Mmm, delicious.","So vital. Mmm, delicious.",
,ev12i2,The proper ingredients for the potion...,The proper ingredients for the potion...,
,ev12i3,We brew what we can  to do what we must,We brew what we can to do what we must,
,ev12i4,"A drop of red, a drop of green...","A drop of red, a drop of green...",
,ev12f1,My dear there are reasons why things are as they are.,My dear there are reasons why things are as they are.,
,ev12f2,Come freely. Go safely darling.,Come freely. Go safely darling.,
,,,,
,ev13n,Trading up,Trading up,
,ev13o1,"Your snout wiggles as you inhale a musky odor. Someone here is in need of a bath. You turn around and standing there is a rat. You never heard him come out. ""Let's make a trade."" he says. ""I'll give you a rarer item of the same type...""  He chuckles. There are no guarantees.","Your snout wiggles as you inhale a musky odor. Someone here is in need of a bath. You turn around and standing there is a rat. You never heard him come out. ""Let's make a trade."" he says. ""I'll give you a rarer item of the same type...""  He chuckles. There are no guarantees.",
,ev13b1,Get a rarer item of the same type,Get a rarer item of the same type,
,ev13b1o1,"He takes the item and examines it. ""How's this for a trade?"" There's no time to say no.","He takes the item and examines it. ""How's this for a trade?"" There's no time to say no.",
,ev13b1o1t1,Hehehe,Hehehe,
,ev13b1o1t2,Hope ya' like it,Hope ya' like it,
,ev13b1o1t3,No take backsies,No take backsies,
,ev13b2,No thanks,No thanks,
,ev13b2o1,"You see his tail flick ominously beneath his cloak. A smile crosses his lips. ""Come now,"" he says. ""I think you'll see it's in your interest.""","You see his tail flick ominously beneath his cloak. A smile crosses his lips. ""Come now,"" he says. ""I think you'll see it's in your interest.""",
,ev13b2o1t1,Don't resist this deal,Don't resist this deal,
,ev13b2o1t2,Let me tempt you,Let me tempt you,
,ev13b2o1t3,"Come now, let's trade","Come now, let's trade",
,ev13i1,What are ya' trading?,What are ya' trading?,
,ev13i2,Lets make a deal!,Lets make a deal!,
,ev13i3,Care to do a trade?,Care to do a trade?,
,ev13f1,He he he,He he he,
,ev13f2,What a sucker...,What a sucker...,
,,,,
,ev14n,Shady Trader,Shady Trader,
,ev14o1,"His cloak billows as he steps out from the shadows. ""We can make a trade, you and I."" he says. You know risks are involved.","His cloak billows as he steps out from the shadows. ""We can make a trade, you and I."" he says. You know risks are involved.",
,ev14b1,Get a different item of the same rarity,Get a different item of the same rarity,
,ev14b1o1,He takes your item and from his cloak pulls a replacement.,He takes your item and from his cloak pulls a replacement.,
,ev14b2,No thanks!,No thanks!,
,ev14b2o1,"Very well, he says. ""But can I perhaps change your mind?""","Very well, he says. ""But can I perhaps change your mind?""",
,ev14b2o1t1,The offer still stands.,The offer still stands.,
,,,,
,ev15n,squirrel patrol,squirrel patrol,
,ev15o1,"The squirrel looks at you absent mindedly. ""Long ago I retired from the patrol"", he says. ""Now I spend my days adventuring and reliving my glory days. I don't need much of my old equipment anymore. Can I interest you in something?""","The squirrel looks at you absent mindedly. ""Long ago I retired from the patrol"", he says. ""Now I spend my days adventuring and reliving my glory days. I don't need much of my old equipment anymore. Can I interest you in something?""",
,ev15b1,"""I'll take a shield""","""I'll take a shield""",
,ev15b1o1,"From beneath his bushy tail, he pulls a shield. ""This may protect you. Remember, loot is only valuable if you make it back alive.""","From beneath his bushy tail, he pulls a shield. ""This may protect you. Remember, loot is only valuable if you make it back alive.""",
,ev15b1o1t1,I hope the shield serves you well!,I hope the shield serves you well!,
,ev15b2,"""I'll take a weapon""","""I'll take a weapon""",
,ev15b2o1,"He reaches into his tunic and pulls out a weapon, tossing it to you.","He reaches into his tunic and pulls out a weapon, tossing it to you.",
,ev15b2o1t1,Strike down any who oppose the patrol!,Strike down any who oppose the patrol!,
,ev15b2o1t2,The patrol lives by these weapons!,The patrol lives by these weapons!,
,ev15b3,Maybe something to eat,Maybe something to eat,
,ev15b3o1,"He scratches at the ground. Beneath his feet is a mound of nuts and hidden among them, many a delicious food.","He scratches at the ground. Beneath his feet is a mound of nuts and hidden among them, many a delicious food.",
,ev15b3o1t1,An army marches on its stomach!,An army marches on its stomach!,
,ev15b3o1t2,Better than what we used to eat on the patrol.,Better than what we used to eat on the patrol.,
,ev15i1,Hark! You are greeted by a member of the patrol!,Hark! You are greeted by a member of the patrol!,
,ev15f1,Long live the patrol!,Long live the patrol!,
,ev15f2,The patrol shall conquer!,The patrol shall conquer!,
,ev15f3,"In retirement, I still patrol!","In retirement, I still patrol!",
,,,,
,ev16n,Statue of Anna,Statue of Anna,
,ev16o1,"Inscribed on the statue: ""Anna bestowed gifts The world felt safe in her arms healer in a fire""","Inscribed on the statue: ""Anna bestowed gifts The world felt safe in her arms healer in a fire""",
,ev16b1,Gain 5 max hp,Gain 5 max hp,
,ev16b1o1,You leave a coin. Then kneel before the statue and say a prayer. Anna somehow seems to reflect light even in this dark place.,You leave a coin. Then kneel before the statue and say a prayer. Anna somehow seems to reflect light even in this dark place.,
,ev16b2,Steal coins [Get 10 gold or a fight begins],Steal coins [Get 10 gold or a fight begins],
,ev16b2o1,Travelers leave coins by the statue as a token for their prayers. You decide that Anna won't miss just a few.,Travelers leave coins by the statue as a token for their prayers. You decide that Anna won't miss just a few.,
,ev16b2o2,"You approach the statue to grab a few coins. As the coins jingle, you turn to see an approaching group of enemies.","You approach the statue to grab a few coins. As the coins jingle, you turn to see an approaching group of enemies.",
,ev16b3,Leave,Leave,
,ev16b3o1,You say a quick prayer. You decide to leave the statue behind.,You say a quick prayer. You decide to leave the statue behind.,
,,,,
,ev17n,A Red fox in the dark,A Red fox in the dark,
,ev17o1,"The fox steps out from the shadows. ""Natural prey."", he says. ""If we battle, I shall make short work of you. Be ye friend or foe?""","The fox steps out from the shadows. ""Natural prey."", he says. ""If we battle, I shall make short work of you. Be ye friend or foe?""",
,ev17b1,I'm a friend!,I'm a friend!,
,ev17b1o1,He nods and steps aside to let you pass. Your tail twitches instinctively. You're lucky he let you live.,He nods and steps aside to let you pass. Your tail twitches instinctively. You're lucky he let you live.,
,ev17b1o1t1,Be gone then!,Be gone then!,
,ev17b1o1t2,Don't make me regret it!,Don't make me regret it!,
,ev17b1o1t3,I shall watch you.,I shall watch you.,
,ev17b2,I'm a foe! [Start Combat],I'm a foe! [Start Combat],
,ev17b2o1,He draws his sword. Slowly sizing you up...,He draws his sword. Slowly sizing you up...,
,ev17b2o2,"He draws his sword... and then... stops. ""Ha!"" he laughs. ""A rat with the heart of a fox. I respect you. You may have my blade.""","He draws his sword... and then... stops. ""Ha!"" he laughs. ""A rat with the heart of a fox. I respect you. You may have my blade.""",
,ev17b2o2t1,I respect your courage,I respect your courage,
,ev17i1,Fear me brigand!,Fear me brigand!,
,ev17i2,"Oh look, a weak little rat.","Oh look, a weak little rat.",
,ev17i3,"If I was hungry, you'd be dead already.","If I was hungry, you'd be dead already.",
,ev17f1,Don't make me regret it!,Don't make me regret it!,
,ev17f2,I've never spared a life before.,I've never spared a life before.,
,ev17f3,I shall be watching you.,I shall be watching you.,
,,,,
,ev18n,shamanic turtle,shamanic turtle,
,ev18o1,"A waft of smoke passes by your nose. What is that? You smell a lot of strange things in the swamp, but ritual smoke of the turtles has an unmistakable order. Smells sweet like chocolate. Smells like they need to wash their shell too. ""Our magic is a gamble."" she says to you. ""Will you let fate guide you?""","A waft of smoke passes by your nose. What is that? You smell a lot of strange things in the swamp, but ritual smoke of the turtles has an unmistakable order. Smells sweet like chocolate. Smells like they need to wash their shell too. ""Our magic is a gamble."" she says to you. ""Will you let fate guide you?""",
,ev18b1,80% legendary 20% other,80% legendary 20% other,
,ev18b1o1,"Fortune favors you and a legendary item appears at the base of her staff. ""Lucky"", she says.","Fortune favors you and a legendary item appears at the base of her staff. ""Lucky"", she says.",
,ev18b1o2,"Alas, she says. ""The spirits are not speaking today. Perhaps this item can still be useful to you.""","Alas, she says. ""The spirits are not speaking today. Perhaps this item can still be useful to you.""",
,ev18b2,70% legendary 30% other,70% legendary 30% other,
,ev18b2o1,"Fortune favors you and a legendary item appears at the base of her staff. ""Lucky"", she says.","Fortune favors you and a legendary item appears at the base of her staff. ""Lucky"", she says.",
,ev18b2o2,"Alas, she says. ""The spirits are not speaking today. Perhaps this item can still be useful to you.""","Alas, she says. ""The spirits are not speaking today. Perhaps this item can still be useful to you.""",
,ev18b3,50% legendary 50% other,50% legendary 50% other,
,ev18b3o1,"Fortune favors you and a legendary item appears at the base of her staff. ""Lucky"", she says.","Fortune favors you and a legendary item appears at the base of her staff. ""Lucky"", she says.",
,ev18b3o2,"Alas, she says. ""The spirits are not speaking today. Perhaps this item can still be useful to you.""","Alas, she says. ""The spirits are not speaking today. Perhaps this item can still be useful to you.""",
,ev18b4,10% legendary 90% other,10% legendary 90% other,
,ev18b4o1,"Fortune favors you and a legendary item appears at the base of her staff. ""Lucky"", she says.","Fortune favors you and a legendary item appears at the base of her staff. ""Lucky"", she says.",
,ev18b4o2,"Alas, she says. ""The spirits are not speaking today. Perhaps this item can still be useful to you.""","Alas, she says. ""The spirits are not speaking today. Perhaps this item can still be useful to you.""",
,ev18b5,No thanks!,No thanks!,
,ev18b5o1,She nods her head,She nods her head,
,ev18i1,Hey - cute little one!,Hey - cute little one!,
,ev18i2,Come here let me pinch your cheek.,Come here let me pinch your cheek.,
,ev18f1,Goodbye child.,Goodbye child.,
,ev18f2,Come back soon now!,Come back soon now!,
,ev18f3,"You stay away from deep water, okay?","You stay away from deep water, okay?",
,,,,
,ev19n,Wheel,Wheel,
,ev19o1,Spin the wheel!,Spin the wheel!,
,ev19i1,Spin the choice!,Spin the choice!,
,ev19i2,Will you take a spin?,Will you take a spin?,
,ev19i3,Spin and see what you get!,Spin and see what you get!,
,ev19i4,"Spin the wheel, win a prize, thank me later!","Spin the wheel, win a prize, thank me later!",
,ev19f1,Thanks for playing!,Thanks for playing!,
,ev19f2,Hope you had fun!,Hope you had fun!,
,ev19f3,Moles are the best gamers.,Moles are the best gamers.,
,,,,
,evCardi1,The cards hold your future - or your doom!,The cards hold your future - or your doom!,
,evCardf1,The truth is in the cards,The truth is in the cards,
,,,,
,ev20n,Apprentice of Magic,Apprentice of Magic,
,ev20o1,"You discover a rabbit in a witch's hat. It's a bit too big for her, pushing her ears back. ""I've been learning all about magic! It's really amazing - even though frogs tell me its changing soon!""","You discover a rabbit in a witch's hat. It's a bit too big for her, pushing her ears back. ""I've been learning all about magic! It's really amazing - even though frogs tell me its changing soon!""",
,ev20b1,Buy a wand,Buy a wand,
,ev20b1o1,"You can have my first wand, she says. ""I've outgrown it. I'm on my second wand now.""","You can have my first wand, she says. ""I've outgrown it. I'm on my second wand now.""",
,ev20b1o1t1,Hope you like it!,Hope you like it!,
,ev20b1o1t2,I'll miss that wand!,I'll miss that wand!,
,ev20b2,No thanks,No thanks,
,ev20b2o1,"Oh well, she says. ""I guess I still have a few things to learn from this wand anyway.""","Oh well, she says. ""I guess I still have a few things to learn from this wand anyway.""",
,ev20b2o1t1,"Don't need my wand, huh?","Don't need my wand, huh?",
,ev20b2o1t2,Only as good as your wand!,Only as good as your wand!,
,ev20i1,Oh boy! Another adventurer!,,
,ev20i2,Gee! An explorer here?!,,
,ev20i3,Are you learning to be a mage too?,,
,ev20i4,I'm not alone!,,
,ev20f1,This was great!,,
,ev20f2,Wow! I hope to see you so soon!,,
,ev20f3,So glad we met!,,
,ev20f4,Bi'ya! Bi'ya!,,
,,,,
,ev21n,Scholar of Magic,Scholar of Magic,
,ev21o1,"A rabbit is here practicing spells on a nearby rock. ""I've learned so much,"" she says. ""Can I interest you in a magic book?""","A rabbit is here practicing spells on a nearby rock. ""I've learned so much,"" she says. ""Can I interest you in a magic book?""",
,ev21b1,Buy a book,Buy a book,
,ev21b1o1,"Enjoy your read! she says. ""And let me know if you want to hang out sometime soon. I'm free pretty much any time.""","Enjoy your read! she says. ""And let me know if you want to hang out sometime soon. I'm free pretty much any time.""",
,ev21b1o1t1,Hope you like it!,Hope you like it!,
,ev21b1o1t2,It's a real page turner!,It's a real page turner!,
,ev21b1o1t3,Read it too many times already.,Read it too many times already.,
,ev21b2,No thanks,No thanks,
,ev21b2t1,Book still available!,Book still available!,
,ev21b2t2,I guess I can read it again.,I guess I can read it again.,
,ev21b2t3,I'll read it a few more times.,I'll read it a few more times.,
,ev21b2t4,I can probably learn a lot from this.,I can probably learn a lot from this.,
,,,,
,ev22n,Matthew's Blessing,Matthew's Blessing,
,ev22o1,"A wise rabbit sits there, meditating in the midst of this dangerous place. ""Fear not"", he says. """"My name is matthew, and I have lived here for many years. With proper organization, any challenge may be overcome. Now let me assist you...""","A wise rabbit sits there, meditating in the midst of this dangerous place. ""Fear not"", he says. """"My name is matthew, and I have lived here for many years. With proper organization, any challenge may be overcome. Now let me assist you...""",
,ev22b1,start with 2 uncommon items,start with 2 uncommon items,
,ev22b1o1,"Indeed, says Matthew. ""But remember, rare items are a crutch. Good organization requires skill - not rarity.""","Indeed, says Matthew. ""But remember, rare items are a crutch. Good organization requires skill - not rarity.""",
,ev22b2,gain 10 max hp,gain 10 max hp,
,ev22b2o1,"True strength comes from your backpack, he says. ""Don't forget it""","True strength comes from your backpack, he says. ""Don't forget it""",
,ev22b3,Become an archer,Become an archer,
,ev22b3o1,"""Archery is a true art form. So many pieces must be carefully placed."" He produces a bow and arrows. ""Perhaps I can help you begin""","""Archery is a true art form. So many pieces must be carefully placed."" He produces a bow and arrows. ""Perhaps I can help you begin""",
,ev22b4,Get a rare item,Get a rare item,
,ev22b4o1,"True strength comes from your backpack, he says. ""Don't forget it""","True strength comes from your backpack, he says. ""Don't forget it""",
,ev22i1,Allow me to help you...,Allow me to help you...,
,ev22i2,"With care, even you can survive...","With care, even you can survive...",
,ev22i3,Take time to organize...,Take time to organize...,
,ev22i4,You will make it! Just organize...,You will make it! Just organize...,
,ev22i5,It's all about arrangement...,It's all about arrangement...,
,ev22i6,What you carry says a lot about you...,What you carry says a lot about you...,
,ev22i7,A beautiful backpack  is its own reward...,A beautiful backpack  is its own reward...,
,ev22i8,Everything in its place...,Everything in its place...,
,ev22i9,A perfect backpack... a fantasy...,A perfect backpack... a fantasy...,
,ev22i10,"Accept what you get, organize...","Accept what you get, organize...",
,ev22i11,When your backpack is full of lemons...,When your backpack is full of lemons...,
,ev22f1,I have faith...,I have faith...,
,ev22f2,I know you will make it...,I know you will make it...,
,ev22f3,I believe in you...,I believe in you...,
,ev22f4,My blessings guide you...,My blessings guide you...,
,ev22f5,Let your backpack show you the way..,Let your backpack show you the way..,
,,,,
,evss,Want to see what I have today?,Want to see what I have today?,store
,evso1,Here's what I have today...,Here's what I have today...,
,evso2,Found most of these under a toadstool,Found most of these under a toadstool,
,evso3,I have selections from across the land!,I have selections from across the land!,
,evso4,Rare items for you!,Rare items for you!,
,evsr1,Not right for you?,Not right for you?,
,evsr2,"Okay, here's your money back!","Okay, here's your money back!",
,evsr3,I was sorry to let this go anyway!,I was sorry to let this go anyway!,
,evsr4,I'll take it back!,I'll take it back!,
,evss1,More money for me!,More money for me!,
,evss2,Okay - hand it over,Okay - hand it over,
,evss3,I'll try it out,I'll try it out,
,evss4,I'll buy that for a dollar!,I'll buy that for a dollar!,
,evsf1,Yum! I'll be taking that!,Yum! I'll be taking that!,
,evsf2,I want that!,I want that!,
,evsf3,Woah! A tasty fly! Give me!,Woah! A tasty fly! Give me!,
,evsa1,Thank you!,Thank you!,
,evsa2,Economics!,Economics!,
,evsa3,Hope you enjoy it!,Hope you enjoy it!,
,evsa4,It looks good on you!,It looks good on you!,
,evsa5,Frogs have no use for these anyway!,Frogs have no use for these anyway!,
,evsa6,Trading is fun!,Trading is fun!,
,evsa7,Right into your backpack!,Right into your backpack!,
,evsgb1,See you later!,See you later!,
,evsgb2,Good luck storming the dungeon!,Good luck storming the dungeon!,
,evsgb3,See you again soon!,See you again soon!,
,evsgb4,Let me know if you see any tasty flies!,Let me know if you see any tasty flies!,
,evsca1,Maybe if you get some more money!,Maybe if you get some more money!,
,evsca2,You can't afford this!,You can't afford this!,
,evsca3,You need more coins!,You need more coins!,
,evsca4,I need payment!,I need payment!,
,evsca5,This isn't a charity!,This isn't a charity!,
,evsca6,Nothing is free,Nothing is free,
,,,,
buttons,b1,End Turn,End Turn,
,b2,Stats,Stats,
,b3,Save Game,Save Game,
,b4,options,options,
,b5,reorganize,reorganize,
,b6,Scratch,Scratch,
,b7,done,done,
,b8,Go adventuring!,Go adventuring!,
,b9,cancel,cancel,
,bd1,Scratch the enemy for 3 damage. Costs 1 Energy,Scratch the enemy for /x damage. Costs /y Energy,
,bd2,Reorganize your inventory in battle. Costs 3 energy,Reorganize your inventory in battle. Costs 3 energy,
hud,h1,floor,floor,
,h2,experience,experience,
,h3,max level,max level,
status effects,se1,Poison,Poison,
,se1d,Will take /x damage at start of turn,Will take /x damage at start of turn,
,se2,Regen,Regen,
,se2d,Will recover  /x health at start of turn,Will recover  /x health at start of turn,
,se3,Spikes,Spikes,
,se3d,Will deal /x damage if attacked,Will deal /x damage if attacked,
,se4,Haste,Haste,
,se4d,Will add /x additional block when blocking,Will add /x additional block when blocking,
,se5,Slow,Slow,
,se5d,Will reduce block by /x when blocking,Will reduce block by /x when blocking,
,se6,Rage,Rage,
,se6d,Will add /x damage when attacking with a weapon,Will add /x damage when attacking with a weapon,
,se7,Weak,Weak,
,se7d,Will reduce /x damage when attacking with a weapon,Will reduce /x damage when attacking with a weapon,
,se8,Dodge,Dodge,
,se8d,The next /x attacks will do no damage,The next /x attacks will do no damage,
,se9,Frozen,Frozen,
,se9d,/Will take no action for /x turns,/Will take no action for /x turns,
,se10,Burn,Burn,
,se10d,Will take /x damage at start of turn. This can be blocked,Will take /x damage at start of turn. This can be blocked,
,t1,On use,On use,
Store,Cost,Cost,Cost,
,onSale,On Sale,On Sale,
Rarities,common,common,common,
,uncommon,uncommon,uncommon,
,rare,rare,rare,
,legendary,legendary,legendary,
Types,weapon,Weapon,Weapon,
,Armor,Armor,Armor,
,Shield,Shield,Shield,
,Accessory,Accessory,Accessory,
,Bow,Bow,Bow,
,Arrow,Arrow,Arrow,
,Consumable,Consumable,Consumable,
,Gold,Gold,Gold,
,Manastone,Manastone,Manastone,
,Key,Key,Key,
,Curse,Curse,Curse,
,Ingredient,Ingredient,Ingredient,
,Wand,Wand,Wand,
,Book,Book,Book,
,Cleaver,Cleaver,Cleaver,
,Clothing,Clothing,Clothing,
,Helmet,Helmet,Helmet,
,Footwear,Footwear,Footwear,
,Fish,Fish,Fish,
,Relic,Relic,Relic,
,Glove,Glove,Glove,
,Magic,Magic,Magic,
,Gem,Gem,Gem,
,Structure,Structure,Structure,remaining times that an item can be used
,Ring,Ring,Ring,
,Rune,Rune,Rune,
Limits,ul,use,use,
,ulp,uses,uses,
,ul1,1 use,1 use,
,ul2,/x uses,/x uses,
,ul3,Can be used 1 time each turn,Can be used 1 time each turn,
,ul4,Can be used /x times each turn,Can be used /x times each turn,
,ul5,Can be used 1 time this turn,Can be used 1 time this turn,
,ul6,Can be used /x times this turn,Can be used /x times this turn,
,ul7,Can be used 1 time each combat,Can be used 1 time each combat,
,ul8,Can be used /x times each combat,Can be used /x times each combat,
,ul9,Can be used 1 time this combat,Can be used 1 time this combat,
,ul10,Can be used /x times this combat,Can be used /x times this combat,
,,,,
triggers,t2,When destroyed,When destroyed,
,t3,When added,When added,
,t4,When removed,When removed,
,t5,Each turn,Each turn,
,t6,When your turn ends,When your turn ends,
,t7,Each combat,Each combat,
,t8,When combat ends,When combat ends,
,t9,On kill,On kill,
,t10,On kill (non summon),On kill (non summon),
,t11,When rotated,When rotated,
,t12,When out of uses,When out of uses,
,t13,When used,When used,
,t14,When selected,When selected,
,t15,On take damage,On take damage,
,t16,When this moves,When this moves,
,t17,When this finishes moving,When this finishes moving,
,t18,When moved in combat,When moved in combat,
,t19,On Scratch,On Scratch,
,t20,For each empty space [to the right],For each empty space [to the right],
,t21,For each empty space [below],For each empty space [below],
,t22,For each empty space [to the left],For each empty space [to the left],
,t23,For each empty space [above],For each empty space [above],
,t24,For each adjacent structure,For each adjacent structure,
,t25,For each adjacent or diagonal structure,For each adjacent or diagonal structure,
,t26,When armor or a shield is present,When armor or a shield is present,
,t27,For each space below,For each space below,
,t28,When an item in this column is destroyed,When an item in this column is destroyed,
,t29,When an adjacent item is destroyed,When an adjacent item is destroyed,
,t29b,When an adjacent or diagonal item is destroyed,When an adjacent or diagonal item is destroyed,
,t30,For each space above this,For each space above this,
,t30b,"If this is not in the top row,","If this is not in the top row,",
,t31,When an adjacent weapon is used,When an adjacent weapon is used,
,t32,If there is an item two spaces away,If there is an item two spaces away,
,t33,For each adjacent or diagonal Curse,For each adjacent or diagonal Curse,
,t34,When a Wand kills an enemy,When a Wand kills an enemy,
,t35,If there is an adjacent weapon,If there is an adjacent weapon,
,t36,For each connected Manastone,For each connected Manastone,
,t37,For each adjacent curse,For each adjacent curse,
,t38,For each adjacent or diagonal Fish,For each adjacent or diagonal Fish,
,t39,When an arrow (to the right) kills a non-summon enemy,When an arrow (to the right) kills a non-summon enemy,
,t40,When an arrow (below) kills a non-summon enemy,When an arrow (below) kills a non-summon enemy,
,t41,When an arrow (to the left) kills a non-summon enemy,When an arrow (to the left) kills a non-summon enemy,
,t42,When an arrow (above) kills a non-summon enemy,When an arrow (above) kills a non-summon enemy,
,t43,When an arrow [to the right] kills an enemy,When an arrow [to the right] kills an enemy,
,t44,When an arrow [below] kills an enemy,When an arrow [below] kills an enemy,
,t45,When an arrow [to the left] kills an enemy,When an arrow [to the left] kills an enemy,
,t46,When an arrow [above] kills an enemy,When an arrow [above] kills an enemy,
,t47,If there is a space above this,If there is a space above this,
,t48,For each adjacent or diagonal key,For each adjacent or diagonal key,
,t49,If there is a space above this,If there is a space above this,
,t50,For each space above this,For each space above this,
,t51,For each space to the right,For each space to the right,
,t52,For each space to the left,For each space to the left,
,t53,For each adjacent item,For each adjacent item,
,t53s,If there is an adjacent item,If there is an adjacent item,
,t54,For each adjacent empty space,For each adjacent empty space,
,t55,For each adjacent item,For each adjacent item,
,t56,When a weapon is used,When a weapon is used,
,t57,For each adjacent or diagonal consumable,For each adjacent or diagonal consumable,
,t58,Each turn for each adjacent gem,Each turn for each adjacent gem,
,t59,When a weapon kills an enemy,When a weapon kills an enemy,
,t60,When an adjacent weapon is used,When an adjacent weapon is used,
,t61,When an adjacent or diagonal item is present,When an adjacent or diagonal item is present,
,t62,For each adjacent accessory,For each adjacent accessory,
,t63,For each adjacent gem,For each adjacent gem,
,t64,If adjacent to any item,If adjacent to any item,
,t65,If adjacent or diagonal to any item,If adjacent or diagonal to any item,
,t66,If adjacent or diagonal to armor or a shield,If adjacent or diagonal to armor or a shield,
,t67,When a diagonal shield is used,When a diagonal shield is used,
,t68,For each adjacent or diagonal ring,For each adjacent or diagonal ring,
,e1,Deals /x damage,Deals /x damage,
effects,e2,Hurts! Deals /x damage to self,Hurts! Deals /x damage to self,
,e3,Deals /x damage to all enemies,Deals /x damage to all enemies,
,e4,Deals /x vampirism ,Deals /x vampirism ,
,e5,Deals /x vampirism to all enemies,Deals /x vampirism to all enemies,
,e6,Removes /x% of all block on self,Removes /x% of all block on self,
,e7,Multiplies current block by /x%,Multiplies current block by /x%,
,e8,Adds /x block,Adds /x block,
,e9,Adds /x block to enemy,Adds /x block to enemy,
,e10,Adds /x block to all enemies,Adds /x block to all enemies,
,e11,Removes /x block,Removes /x block,
,e12,Removes /x block from enemy,Removes /x block from enemy,
,e13,Removes /x block from all enemies,Removes /x block from all enemies,
,e14,Heals /x HP,Heals /x HP,
,e15,Enemy heals /x HP,Enemy heals /x HP,
,e16,All enemies heal /x HP,All enemies heal /x HP,
,e17,Lose /x HP,Lose /x HP,
,e18,Enemy loses /x HP,Enemy loses /x HP,
,e19,All enemies lose /x HP,All enemies lose /x HP,
,e20,Adds /x energy,Adds /x energy,
,e21,Adds /x Max HP,Adds /x Max HP,
,e22,Adds /x Mana to connected Mana network,Adds /x Mana to connected Mana network,
,e23,Adds Luck,Adds Luck,
,e24,Adds Great Luck,Adds Great Luck,
,e25,Multiplies all status effects on self by /x%,Multiplies all status effects on self by /x%,
,e26,Multiplies all status effects on enemy by /x%,Multiplies all status effects on enemy by /x%,
,e27,Multiplies all status effects on all enemies by /x%,Multiplies all status effects on all enemies by /x%,
,e28,Removes /x% of all status effects on self,Removes /x% of all status effects on self,
,e29,Removes /x% of all status effects on enemy,Removes /x% of all status effects on enemy,
,e30,Removes /x% of all status effects on all enemies,Removes /x% of all status effects on all enemies,
,e31,Adds /x poison to self,Adds /x poison to self,
,e32,Adds /x regen to self,Adds /x regen to self,
,e33,Adds /x spikes to self,Adds /x spikes to self,
,e34,Adds /x haste to self,Adds /x haste to self,
,e35,Adds /x slow to self,Adds /x slow to self,
,e36,Adds /x rage to self,Adds /x rage to self,
,e37,Adds /x weak to self,Adds /x weak to self,
,e38,Adds /x dodge to self,Adds /x dodge to self,
,e39,Adds /x poison to enemy,Adds /x poison to enemy,
,e40,Adds /x regen to enemy,Adds /x regen to enemy,
,e41,Adds /x spikes to enemy,Adds /x spikes to enemy,
,e42,Adds /x haste to enemy,Adds /x haste to enemy,
,e43,Adds /x slow to enemy,Adds /x slow to enemy,
,e44,Adds /x rage to enemy,Adds /x rage to enemy,
,e45,Adds /x weak to enemy,Adds /x weak to enemy,
,e46,Adds /x dodge to enemy,Adds /x dodge to enemy,
,e47,Adds /x poison to all enemies,Adds /x poison to all enemies,
,e48,Adds /x regen to all enemies,Adds /x regen to all enemies,
,e49,Adds /x spikes to all enemies,Adds /x spikes to all enemies,
,e50,Adds /x haste to all enemies,Adds /x haste to all enemies,
,e51,Adds /x slow to all enemies,Adds /x slow to all enemies,
,e52,Adds /x rage to all enemies,Adds /x rage to all enemies,
,e53,Adds /x weak to all enemies,Adds /x weak to all enemies,
,e54,Adds /x dodge to all enemies,Adds /x dodge to all enemies,
,e55,Removes /x poison from self,Removes /x poison from self,
,e56,Removes /x regen from self,Removes /x regen from self,
,e57,Removes /x spikes from self,Removes /x spikes from self,
,e58,Removes /x haste from self,Removes /x haste from self,
,e59,Removes /x slow from self,Removes /x slow from self,
,e60,Removes /x rage from self,Removes /x rage from self,
,e61,Removes /x weak from self,Removes /x weak from self,
,e62,Removes /x dodge from self,Removes /x dodge from self,
,e63,Removes /x poison from enemy,Removes /x poison from enemy,
,e64,Removes /x regen from enemy,Removes /x regen from enemy,
,e65,Removes /x spikes from enemy,Removes /x spikes from enemy,
,e66,Removes /x haste from enemy,Removes /x haste from enemy,
,e67,Removes /x slow from enemy,Removes /x slow from enemy,
,e68,Removes /x rage from enemy,Removes /x rage from enemy,
,e69,Removes /x weak from enemy,Removes /x weak from enemy,
,e70,Removes /x dodge from enemy,Removes /x dodge from enemy,
,e71,Removes /x poison from all enemies,Removes /x poison from all enemies,
,e72,Removes /x regen from all enemies,Removes /x regen from all enemies,
,e73,Removes /x spikes from all enemies,Removes /x spikes from all enemies,
,e74,Removes /x haste from all enemies,Removes /x haste from all enemies,
,e75,Removes /x slow from all enemies,Removes /x slow from all enemies,
,e76,Removes /x rage from all enemies,Removes /x rage from all enemies,
,e77,Removes /x weak from all enemies,Removes /x weak from all enemies,
,e78,Removes /x dodge from all enemies,Removes /x dodge from all enemies,
,e79,Multiplies poison on self by /x%,Multiplies poison on self by /x%,
,e80,Multiplies regen on self by /x%,Multiplies regen on self by /x%,
,e81,Multiplies spikes on self by /x%,Multiplies spikes on self by /x%,
,e82,Multiplies haste to self by /x%,Multiplies haste to self by /x%,
,e83,Multiplies slow to self by /x%,Multiplies slow to self by /x%,
,e84,Multiplies rage to self by /x%,Multiplies rage to self by /x%,
,e85,Multiplies weak to self by /x%,Multiplies weak to self by /x%,
,e86,Multiplies dodge to self by /x%,Multiplies dodge to self by /x%,
,e87,Multiplies poison to enemy by /x%,Multiplies poison to enemy by /x%,
,e88,Multiplies regen to enemy by /x%,Multiplies regen to enemy by /x%,
,e89,Multiplies spikes to enemy by /x%,Multiplies spikes to enemy by /x%,
,e90,Multiplies haste to enemy by /x%,Multiplies haste to enemy by /x%,
,e91,Multiplies slow to enemy by /x%,Multiplies slow to enemy by /x%,
,e92,Multiplies rage to enemy by /x%,Multiplies rage to enemy by /x%,
,e93,Multiplies weak to enemy by /x%,Multiplies weak to enemy by /x%,
,e94,Multiplies dodge to enemy by /x%,Multiplies dodge to enemy by /x%,
,e95,Multiplies poison to all enemeies by /x%,Multiplies poison to all enemeies by /x%,
,e96,Multiplies regen to all enemies by /x%,Multiplies regen to all enemies by /x%,
,e97,Multiplies spikes to all enemies by /x%,Multiplies spikes to all enemies by /x%,
,e98,Multiplies haste to all enemies by /x%,Multiplies haste to all enemies by /x%,
,e99,Multiplies slow to all enemies by /x%,Multiplies slow to all enemies by /x%,
,e100,Multiplies rage to all enemies by /x%,Multiplies rage to all enemies by /x%,
,e101,Multiplies weak to all enemies by /x%,Multiplies weak to all enemies by /x%,
,e102,Multiplies dodge to all enemies by /x%,Multiplies dodge to all enemies by /x%,
,e103,Removes /x% poison from self,Removes /x% poison from self,
,e104,Removes /x% regen from self,Removes /x% regen from self,
,e105,Removes /x% spikes from self,Removes /x% spikes from self,
,e106,Removes /x% haste from self,Removes /x% haste from self,
,e107,Removes /x% slow from self,Removes /x% slow from self,
,e108,Removes /x% rage from self,Removes /x% rage from self,
,e109,Removes /x% weak from self,Removes /x% weak from self,
,e110,Removes /x% dodge from self,Removes /x% dodge from self,
,e111,Removes /x% poison from enemy,Removes /x% poison from enemy,
,e112,Removes /x% regen from enemy,Removes /x% regen from enemy,
,e113,Removes /x% spikes from enemy,Removes /x% spikes from enemy,
,e114,Removes /x% haste from enemy,Removes /x% haste from enemy,
,e115,Removes /x% slow from enemy,Removes /x% slow from enemy,
,e116,Removes /x% rage from enemy,Removes /x% rage from enemy,
,e117,Removes /x% weak from enemy,Removes /x% weak from enemy,
,e118,Removes /x% dodge from enemy,Removes /x% dodge from enemy,
,e119,Removes /x% poison from all enemies,Removes /x% poison from all enemies,
,e120,Removes /x% regen from all enemies,Removes /x% regen from all enemies,
,e121,Removes /x% spikes from all enemies,Removes /x% spikes from all enemies,
,e122,Removes /x% haste from all enemies,Removes /x% haste from all enemies,
,e123,Removes /x% slow from all enemies,Removes /x% slow from all enemies,
,e124,Removes /x% rage from all enemies,Removes /x% rage from all enemies,
,e125,Removes /x% weak from all enemies,Removes /x% weak from all enemies,
,e126,Removes /x% dodge from all enemies,Removes /x% dodge from all enemies,
,e127,Adds /x damage to Scratch,Adds /x damage to Scratch,
create effects,ceg,Creates /x gold,Creates /x gold,
,cec,Creates a curse,Creates a curse,
,ce1,Creates an Ethereal Arrow in this column,Creates an Ethereal Arrow in this column,
,ce2,Creates an Ethereal Shiv in this row,Creates an Ethereal Shiv in this row,
,ce3,Creates Ethereal Energy in this column,Creates Ethereal Energy in this column,
,ce4,Creates a fish in an adjacent space,Creates a fish in an adjacent space,
,ce5,Creates any item,Creates any item,
,ce6,Creates /x gold,Creates /x gold,
,ce7,Creates a drink in this row,Creates a drink in this row,
,ce8,Creates a potion in this row,Creates a potion in this row,
,ce9,Creates an herb in this row,Creates an herb in this row,
,ce10,Creates a gem,Creates a gem,
,ce11,Another Slime Sword will be created at the end of combat,Another Slime Sword will be created at the end of combat,
,ce12,Creates something really good… or a horrible curse,Creates something really good… or a horrible curse,
,ce13,Replaced by an Ethereal Blade,Replaced by an Ethereal Blade,
,ce14,Replaced by Blade Summoner,Replaced by Blade Summoner,
,ce15,Replaced with an Empty Cup,Replaced with an Empty Cup,
Movement effects,me1,turns clockwise,turns clockwise,
,me2,turns around,turns around,
,me3,turns counter-clockwise,turns counter-clockwise,
,me4,moves forward until stopped,moves forward until stopped,
,me5,moves forward one space,moves forward one space,
,me6,moves up one space,moves up one space,
Add Modifiers,,,,
,amApplied,From /x,From /x,e.g. From Shield Spirit
,am1,All weapons get this effect applied,All weapons get this effect applied,
,am2,All shields get this effect applied,All shields get this effect applied,
,am3,All wands get this effect applied,All wands get this effect applied,
,am4,All bows get this effect applied,All bows get this effect applied,
,am5,All arrows get this effect applied,All arrows get this effect applied,
,,,,
item status effects,is1,This item is disabled,This item is disabled,
,is2,This item is a projectile,This item is a projectile,
,is3,This item is anchored,This item is anchored,
,is4,This item is enflamed,This item is enflamed,
,is5,Conductive,Conductive,
,is6,This item is heavy,This item is heavy,
,is7,This item floats,This item floats,
,efm,Multiplier Total,Multiplier Total,
effect,base,Base,Base,
,m1,This item gets permanent /x damage,This item gets permanent /x damage,
modifiers,m2,This item is destroyed,This item is destroyed,
,m3,Adjacent curses are destroyed,Adjacent curses are destroyed,
,m4,This item gets /x damage to enemy,This item gets /x damage to enemy,
,m5,This item gets /x damage to self,This item gets /x damage to self,
,m6,This item gets /x damage,This item gets /x damage,
,m7,This item gets /x% bonus damage,This item gets /x% bonus damage,
,m8,This item gets /x block,This item gets /x block,
,m9,This item gets /x block this combat,This item gets /x block this combat,
,m10,This item gets /x energy,This item gets /x energy,
,m11,Adjacent armor gets /x block,Adjacent armor gets /x block,
,m12,Adjacent weapons get /x damage,Adjacent weapons get /x damage,
,m13,Weapons in this row get /x damage,Weapons in this row get /x damage,
,m14,Cleavers below get /x% bonus damage,Cleavers below get /x% bonus damage,
,m15,Fires the first arrow in each [row to the right],Fires the first arrow in each [row to the right],
,m16,Fires the first arrow in each [column below],Fires the first arrow in each [column below],
,m17,Fires the first arrow in each [row to the left],Fires the first arrow in each [row to the left],
,m18,Fires the first arrow in each [column above],Fires the first arrow in each [column above],
,m19,Fires all arrows in each [row to the right],Fires all arrows in each [row to the right],
,m20,Fires all arrows in each [column below],Fires all arrows in each [column below],
,m21,Fires all arrows in each [row to the left],Fires all arrows in each [row to the left],
,m22,Fires all arrows in each [column above],Fires all arrows in each [column above],
,m23,Adjacent and diagonal structures become conductive,Adjacent and diagonal structures become conductive,
,m24,This item is refreshed and can be used again this combat,This item is refreshed and can be used again this combat,
,m25,Items in this row are refreshed and can be used again this turn,Items in this row are refreshed and can be used again this turn,
,m26,selected adjacent Weapons get /x% bonus damage this combat,selected adjacent Weapons get /x% bonus damage this combat,
,m27,All weapons get /x% bonus damage,All weapons get /x% bonus damage,
,m28,The first arrow in each [row to the right] gets /x% bonus damage,The first arrow in each [row to the right] gets /x% bonus damage,
,m29,The first arrow in each [column below] gets /x% bonus damage,The first arrow in each [column below] gets /x% bonus damage,
,m30,The first arrow in each [row to the left] gets /x% bonus damage,The first arrow in each [row to the left] gets /x% bonus damage,
,m31,The first arrow in each [column above] gets /x% bonus damage,The first arrow in each [column above] gets /x% bonus damage,
,m32,This item is disabled,This item is disabled,
,m33,All consumables get /x% bonus healing,All consumables get /x% bonus healing,
,m34,All weapons get /x damage,All weapons get /x damage,
,m35,All adjacent weapons are used,All adjacent weapons are used,
,m36,All adjacent cleavers are used,All adjacent cleavers are used,
,m37,The [above] cleaver is used,The [above] cleaver is used,
,m38,The [right] cleaver is used,The [right] cleaver is used,
,m39,The cleaver [below] is used,The cleaver [below] is used,
,m40,The [left] cleaver is used,The [left] cleaver is used,
,m41,All connected weapons get /x% bonus damage,All connected weapons get /x% bonus damage,
,m42,All consumables get /x rage,All consumables get /x rage,
,m43,Adjacent weapons get /x damage this combat,Adjacent weapons get /x damage this combat,
,m44,Adjacent weapons get /x damage this turn,Adjacent weapons get /x damage this turn,
,m45,Adjacent and diagonal weapons get /x damage,Adjacent and diagonal weapons get /x damage,
,m46,This gets /x damage this turn,This gets /x damage this turn,
,m47,This gets /x damage this combat,This gets /x damage this combat,
,m48,This item is disabled for /y turns,This item is disabled for /y turns,
,m49,This item is anchored for /y combats,This item is anchored for /y combats,
,m50,Adjacent and diagonal armor gets /x block,Adjacent and diagonal armor gets /x block,
,m51,This item is disabled for the rest of this combat,This item is disabled for the rest of this combat,
,m52,This item is disabled for /y combats,This item is disabled for /y combats,
,m53,Adjacent helmets get /x block,Adjacent helmets get /x block,
,m54,Adjacent footwear gets /x block,Adjacent footwear gets /x block,
,m55,This item is used,This item is used,
,m56,Arrows to the [right] get /x% bonus damage,Arrows to the [right] get /x% bonus damage,
,m57,Arrows to the [left] get /x% bonus damage,Arrows to the [left] get /x% bonus damage,
,m58,Arrows [below] get /x% bonus damage,Arrows [below] get /x% bonus damage,
,m59,Arrows [above] get /x% bonus damage,Arrows [above] get /x% bonus damage,
,m60,Connected weapons get /x damage,Connected weapons get /x damage,
,m61,Adjacent and diagonal shields get /x block,Adjacent and diagonal shields get /x block,
,m62,The first arrow in each [row to the right] gets /x damage,The first arrow in each [row to the right] gets /x damage,
,m63,The first arrow in each [row to the left] gets /x damage,The first arrow in each [row to the left] gets /x damage,
,m64,The first arrow in each [column below] gets /x damage,The first arrow in each [column below] gets /x damage,
,m65,The first arrow in each [column above] gets /x damage,The first arrow in each [column above] gets /x damage,
,m66,Armor to the left gets /x block,Armor to the left gets /x block,
,m67,Weapons in this column get /x damage,Weapons in this column get /x damage,
,m68,Adjacent and diagonal weapons get /x poison to self,Adjacent and diagonal weapons get /x poison to self,
,m69,Weapons in this row or column get /x damage,Weapons in this row or column get /x damage,
,m69c,Weapons in this row or column get /x damage this combat,Weapons in this row or column get /x damage this combat,
,m70,Adjacent and diagonal weapons get /x damage this combat,Adjacent and diagonal weapons get /x damage this combat,
,m71,This gets /x spikes to self this turn,This gets /x spikes to self this turn,
,m72,All shields get /x spikes to self,All shields get /x spikes to self,
,m73,All diagonal cleavers are used,All diagonal cleavers are used,
,m74,Adjacent and diagonal cleavers get /x damage,Adjacent and diagonal cleavers get /x damage,
,m75,The cleaver [above] gets used,The cleaver [above] gets used,
,m76,The cleaver [to the right] gets used,The cleaver [to the right] gets used,
,m77,The cleaver [below] gets used,The cleaver [below] gets used,
,m78,The cleaver [to the left] gets used,The cleaver [to the left] gets used,
,m79,Adjacent shields get used,Adjacent shields get used,
,m80,Adjacent weapons get /x healing,Adjacent weapons get /x healing,
,m81,Weapons in this column get /x% bonus damage,Weapons in this column get /x% bonus damage,
,m82,Weapons in this row get /x weak this combat,Weapons in this row get /x weak this combat,
,m83,Select an adjacent weapon to permanently get /x% bonus damage,Select an adjacent weapon to permanently get /x% bonus damage,
,m84,Adjacent and diagonal weapons get /x damage,Adjacent and diagonal weapons get /x damage,
,m85,Adjacent weapons get /x% bonus damage,Adjacent weapons get /x% bonus damage,
,m86,Adjacent weapon [below] gets /x damage,Adjacent weapon [below] gets /x damage,
,m87,Adjacent weapon [to the left] gets /x damage,Adjacent weapon [to the left] gets /x damage,
,m88,Adjacent weapon [above] gets /x damage,Adjacent weapon [above] gets /x damage,
,m89,Adjacent weapon [right] gets /x damage,Adjacent weapon [right] gets /x damage,
,m90,Weapons in this row get /x poison this combat,Weapons in this row get /x poison this combat,
,m91,Adjacent and diagonal consumables are destroyed,Adjacent and diagonal consumables are destroyed,
,m92,Adjacent weapons get /x poison,Adjacent weapons get /x poison,
,m93,Weapons two spaces away get /x damage,Weapons two spaces away get /x damage,
,m94,All weapons remove /x from all status effects from all enemies,All weapons remove /x from all status effects from all enemies,
,m95,scratch deals /x Damage,scratch deals /x Damage,
,m96,Helmets to the right are disabled,Helmets to the right are disabled,
,m97,Shields get /x spikes to self,Shields get /x spikes to self,
,m98,Footwears to the right are disabled,Footwears to the right are disabled,
,m99,structures beneath this get /x block,structures beneath this get /x block,
,m100,This gets /x to poison,This gets /x to poison,
,m101,Adjacent shields get /x spikes to self,Adjacent shields get /x spikes to self,
modifier names,kill,kill,kill,
,nearby accessory,nearby accessory,nearby accessory,
,open space,open space,open space,
,empty space,empty space,empty space,
,space above,space above,space above,
,other helmet,other helmet,other helmet,
,connected manastone,connected manastone,connected manastone,
,other shoes,other shoes,other shoes,
,position,position,position,
items,ACIDIC POTION,ACIDIC POTION,ACIDIC POTION,
,AMETHYST,AMETHYST,AMETHYST,
,ANCIENT TOME,ANCIENT TOME,ANCIENT TOME,
,ANCIENT TOME2,Ancient spells are written in the margins of this recipe book,Ancient spells are written in the margins of this recipe book,
,ANGLER FISH,ANGLER FISH,ANGLER FISH,
,ARCHANGEL ARMOR,ARCHANGEL ARMOR,ARCHANGEL ARMOR,
,ARCHER'S WAND,ARCHER'S WAND,ARCHER'S WAND,
,ARCHER'S WAND2,Frog wizards created this item,Frog wizards created this item,
,,,,
,ASSASSIN'S DAGGER,ASSASSIN'S DAGGER,ASSASSIN'S DAGGER,
,BALLOON,BALLOON,BALLOON,
,BANDAGES,BANDAGES,BANDAGES,
,BERSERKER'S CLUB,BERSERKER'S CLUB,BERSERKER'S CLUB,
,BESERKER'S RING,BESERKER'S RING,BESERKER'S RING,
,BIG FIN,BIG FIN,BIG FIN,
,BLADE SUMMONER,BLADE SUMMONER,BLADE SUMMONER,
,BLUEFIN,BLUEFIN,BLUEFIN,
,BRAMBLE,BRAMBLE,BRAMBLE,
,BRAMBLE2,Poison oozes from these thick brambles,Poison oozes from these thick brambles,
,Brass Knuckles,Brass Knuckles,Brass Knuckles,
,BRICK,BRICK,BRICK,
,BRICKWALL,BRICKWALL,BRICKWALL,
,BROKEN RING,BROKEN RING,BROKEN RING,
,BROKEN RING2,Ancient magicians found protection with this ring on hand,Ancient magicians found protection with this ring on hand,
,BRONZE BREASTPLATE,BRONZE BREASTPLATE,BRONZE BREASTPLATE,
,BRUTAL SPEAR,BRUTAL SPEAR,BRUTAL SPEAR,
,BUBBLE,BUBBLE,BUBBLE,
,CACTUS,CACTUS,CACTUS,
,CAP,CAP,CAP,
,CAULDRON,CAULDRON,CAULDRON,
,CAVE FISH,CAVE FISH,CAVE FISH,
,CAVE SHARK,CAVE SHARK,CAVE SHARK,
,CHAINMAIL,CHAINMAIL,CHAINMAIL,
,CHARMED BRACELET,CHARMED BRACELET,CHARMED BRACELET,
,CHARMED BRACELET2,Exchange your lifeforce to remove a curse,Exchange your lifeforce to remove a curse,
,CHEF'S HAT,CHEF'S HAT,CHEF'S HAT,
,CITRINE,CITRINE,CITRINE,
,CLEANSING BOMB,CLEANSING BOMB,CLEANSING BOMB,
,CLEANSING POTION,CLEANSING POTION,CLEANSING POTION,
,CLEANSING RAG,CLEANSING RAG,CLEANSING RAG,
,CLEANSING WAND,CLEANSING WAND,CLEANSING WAND,
,CLEANSING WAND2,I think this wand used to be a broom!,I think this wand used to be a broom!,Cleaver is already indicated by the type
,,,,
,CLUB,CLUB,CLUB,
,COAL,COAL,COAL,
,COMPOSITE BOW,COMPOSITE BOW,COMPOSITE BOW,
,COMPOSITE BOW2,For the smallest of rodents,For the smallest of rodents,
,CONDUIT,CONDUIT,CONDUIT,
,COOL DRINK,COOL DRINK,COOL DRINK,
,CRIMSON ENERGY,CRIMSON ENERGY,CRIMSON ENERGY,
,CROOKED ARROW,CROOKED ARROW,CROOKED ARROW,
,CROSSBOW,CROSSBOW,CROSSBOW,
,CROSSBOW2,squirrels prefer the light weight of crossbows,squirrels prefer the light weight of crossbows,
,CURSED BLADE,CURSED BLADE,CURSED BLADE,
,CURSED BLADE2,Many have tried to wield this sword - none have succeeded,Many have tried to wield this sword - none have succeeded,
,CURSED SHIV,CURSED SHIV,CURSED SHIV,
,CURSED SHIV2,Unspeakably cursed,Unspeakably cursed,
,CURSED WHETSTONE,CURSED WHETSTONE,CURSED WHETSTONE,
,DAGGER,DAGGER,DAGGER,
,DAMAGED KNIFE,DAMAGED KNIFE,DAMAGED KNIFE,
,DARK HEADBAND,DARK HEADBAND,DARK HEADBAND,
,DARK WHETSTONE,DARK WHETSTONE,DARK WHETSTONE,
,DART,DART,DART,
,DEBUFF POTION,DEBUFF POTION,DEBUFF POTION,
,DIAMOND,DIAMOND,DIAMOND,
,DISGUSTING FOOD,DISGUSTING FOOD,DISGUSTING FOOD,
,DODGE POTION,DODGE POTION,DODGE POTION,
,DOUBLE HALBERD,DOUBLE HALBERD,DOUBLE HALBERD,
,DOUBLE POISON POTION,DOUBLE POISON POTION,DOUBLE POISON POTION,
,DRAGONFLY,DRAGONFLY,DRAGONFLY,
,DUCT TAPE,DUCT TAPE,DUCT TAPE,
,DUCT TAPE2,All effects applied to this are passed to adjacent items,All effects applied to this are passed to adjacent items,
,DUELING SWORD,DUELING SWORD,DUELING SWORD,
,EARTHSTONE BLADE,EARTHSTONE BLADE,EARTHSTONE BLADE,
,ELECTRIC ARROW,ELECTRIC ARROW,ELECTRIC ARROW,
,ELECTRIC STONE,ELECTRIC STONE,ELECTRIC STONE,
,ELECTRIC WAND,ELECTRIC WAND,ELECTRIC WAND,
,EMERALD BRACELET,EMERALD BRACELET,EMERALD BRACELET,
,EMERALD,EMERALD,EMERALD,
,EMPTY CUP,EMPTY CUP,EMPTY CUP,
,ETHEREAL STAFF,ETHEREAL STAFF,ETHEREAL STAFF,
,ETHEREAL WAND,ETHEREAL WAND,ETHEREAL WAND,
,ETHEREAL WAND2,A wand capable of summoning energy from beyond our realm,A wand capable of summoning energy from beyond our realm,
,ETHEREAL WHETSTONE,ETHEREAL WHETSTONE,ETHEREAL WHETSTONE,
,EXPERT BOW,EXPERT BOW,EXPERT BOW,
,EXPLOSIVE ARROW,EXPLOSIVE ARROW,EXPLOSIVE ARROW,
,FEATHER CAP,FEATHER CAP,FEATHER CAP,
,FISH SWORD,FISH SWORD,FISH SWORD,
,FISH SWORD2,"This thing does not smell good. Seriously, wow.","This thing does not smell good. Seriously, wow.",
,FISHING HOOK,FISHING HOOK,FISHING HOOK,
,FISHING HOOK2,Fishing while you work!,Fishing while you work!,
,FLOWER,FLOWER,FLOWER,
,FROTHY DRINK,FROTHY DRINK,FROTHY DRINK,
,GEMSTONE HEART,GEMSTONE HEART,GEMSTONE HEART,
,GLITCHED POTION,GLITCHED POTION,GLITCHED POTION,
,GLOVE OF KNIVES,GLOVE OF KNIVES,GLOVE OF KNIVES,
,GLOVE OF KNIVES2,Try it on for size,Try it on for size,
,GOLD CLEAVER,GOLD CLEAVER,GOLD CLEAVER,
,GOLDEN BOW,GOLDEN BOW,GOLDEN BOW,
,GOLDEN BOW2,Due to their small sizes squirrels and mice often opt for archery rather than brute strength,Due to their small sizes squirrels and mice often opt for archery rather than brute strength,
,GOLDEN SHIV,GOLDEN SHIV,GOLDEN SHIV,
,GOLDEN SHIV2,We've been turning blood to gold for centuries!,We've been turning blood to gold for centuries!,
,GOLDEN WHETSTONE,GOLDEN WHETSTONE,GOLDEN WHETSTONE,
,GUARDIAN RING,GUARDIAN RING,GUARDIAN RING,
,GUARDING BAND,GUARDING BAND,GUARDING BAND,
,GUPPY,GUPPY,GUPPY,
,HATCHET,HATCHET,HATCHET,
,HAWKEYE'S BOW,HAWKEYE'S BOW,HAWKEYE'S BOW,
,HAWKEYE'S BOW2,One of the greatest archers in the ranks of the patrol was Hawkeye Mirabelle. She once shot down two hawks while hanging upside down from a tree,One of the greatest archers in the ranks of the patrol was Hawkeye Mirabelle. She once shot down two hawks while hanging upside down from a tree,
,HEART RING,HEART RING,HEART RING,
,HEAVY BLADE,HEAVY BLADE,HEAVY BLADE,
,HERB,HERB,HERB,
,HERCULE PAVISE,HERCULE PAVISE,HERCULE PAVISE,
,HERCULE PAVISE2,The Buckler did it!,The Buckler did it!,
,HONEYSUCKLE,HONEYSUCKLE,HONEYSUCKLE,
,IRON HELMET,IRON HELMET,IRON HELMET,
,JACK CLEAVER,JACK CLEAVER,JACK CLEAVER,
,JADE AXE,JADE AXE,JADE AXE,
,JAGGED BLADE,JAGGED BLADE,JAGGED BLADE,
,KEG,KEG,KEG,
,KEY SWORD,KEY SWORD,KEY SWORD,
,KEY SWORD2,Unlocks your potential as a warrior!,Unlocks your potential as a warrior!,
,KING CLEAVER,KING CLEAVER,KING CLEAVER,
,KNIGHT'S ARMOR,KNIGHT'S ARMOR,KNIGHT'S ARMOR,
,KNIGHT'S SHIELD,KNIGHT'S SHIELD,KNIGHT'S SHIELD,
,LARGE HEART RING,LARGE HEART RING,LARGE HEART RING,
,LEATHER BOOTS,LEATHER BOOTS,LEATHER BOOTS,
,LEATHER CAP,LEATHER CAP,LEATHER CAP,
,LEFT GAUNTLET,LEFT GAUNTLET,LEFT GAUNTLET,
,LEFT GLOVE,LEFT GLOVE,LEFT GLOVE,
,LETTER,LETTER,LETTER,
,LI'L BUCKLER,LI'L BUCKLER,LI'L BUCKLER,
,LI'L BUCKLER2,A little shield with sass and pep!,A little shield with sass and pep!,
,LIGHTNING,LIGHTNING,LIGHTNING,
,LIQUID ARMOR,LIQUID ARMOR,LIQUID ARMOR,
,LIQUID LUCK,LIQUID LUCK,LIQUID LUCK,
,LIZARD KING SWORD,LIZARD KING SWORD,LIZARD KING SWORD,
,LONGBOW,LONGBOW,LONGBOW,
,LUCKY DAGGER,LUCKY DAGGER,LUCKY DAGGER,
,LUCKY DAGGER2,Lucky for you - not for them,Lucky for you - not for them,
,LUCKY RING,LUCKY RING,LUCKY RING,
,MACE,MACE,MACE,
,MACHETE,MACHETE,MACHETE,
,MAGICAL HERB,MAGICAL HERB,MAGICAL HERB,
,MANASTONE BOW,MANASTONE BOW,MANASTONE BOW,
,MEAL,MEAL,MEAL,
,METALLIC WAND,METALLIC WAND,METALLIC WAND,
,METALLIC WAND2,A static feeling runs through the pads of your paw,A static feeling runs through the pads of your paw,
,MIRROR SHIELD,MIRROR SHIELD,MIRROR SHIELD,
,MOUSE BOW,MOUSE BOW,MOUSE BOW,
,MY FIRST WAND,MY FIRST WAND,MY FIRST WAND,
,MY FIRST WAND2,Teaches kids the basics of magic!,Teaches kids the basics of magic!,
,NECRONOMICON,NECRONOMICON,NECRONOMICON,
,NECRONOMICON2,The book is bound in fur!,The book is bound in fur!,
,NEEDLER,NEEDLER,NEEDLER,
,NINJA COSTUME,NINJA COSTUME,NINJA COSTUME,
,NUNCHUCKS,NUNCHUCKS,NUNCHUCKS,
,NUNCHUCKS2,Make sure you have space to use them!,Make sure you have space to use them!,
,OLD LOG,OLD LOG,OLD LOG,
,ORKSORK AX,ORKSORK AX,ORKSORK AX,
,ORKSORK AX2,The axe of an elder-god,The axe of an elder-god,
,PACIFIST'S RING,PACIFIST'S RING,PACIFIST'S RING,
,PALADIN'S SWORD,PALADIN'S SWORD,PALADIN'S SWORD,
,PEARL,PEARL,PEARL,
,PERIDOT,PERIDOT,PERIDOT,
,PHILOSOPHER'S STONE,PHILOSOPHER'S STONE,PHILOSOPHER'S STONE,
,PICK AXE,PICK AXE,PICK AXE,
,PIGGYBANK,PIGGYBANK,PIGGYBANK,
,PIGGYBANK2,Free money! And it smells like bacon!,Free money! And it smells like bacon!,
,PLATE ARMOR,PLATE ARMOR,PLATE ARMOR,
,POISON ARROW,POISON ARROW,POISON ARROW,
,POISON IVY,POISON IVY,POISON IVY,
,POISON POTION,POISON POTION,POISON POTION,
,POISON WHETSTONE,POISON WHETSTONE,POISON WHETSTONE,
,POTTED ALOE,POTTED ALOE,POTTED ALOE,
,PRETTY ANKLET,PRETTY ANKLET,PRETTY ANKLET,
,QUEEN CLEAVER,QUEEN CLEAVER,QUEEN CLEAVER,
,RARE HERB,RARE HERB,RARE HERB,
,RED HOODIE,RED HOODIE,RED HOODIE,
,RED HOODIE2,A leftover from before Orderia?  The spiders that spun this thread must have been strange indeed!,A leftover from before Orderia?  The spiders that spun this thread must have been strange indeed!,
,REGEN POTION,REGEN POTION,REGEN POTION,
,REGENERATIVE WHETSTONE,REGENERATIVE WHETSTONE,REGENERATIVE WHETSTONE,
,RIGHT GAUNTLET,RIGHT GAUNTLET,RIGHT GAUNTLET,
,RIGHT GLOVE,RIGHT GLOVE,RIGHT GLOVE,
,RING OF DOOM,RING OF DOOM,RING OF DOOM,
,RING OF RAGE,RING OF RAGE,RING OF RAGE,
,ROCKET,ROCKET,ROCKET,
,ROGUE'S MASK,ROGUE'S MASK,ROGUE'S MASK,
,ROOF,ROOF,ROOF,
,ROSE OF THORNS,ROSE OF THORNS,ROSE OF THORNS,
,ROSE OF THORNS2,"Every rose has its thorns, especially this one","Every rose has its thorns, especially this one",
,ROUGH BUCKLER,ROUGH BUCKLER,ROUGH BUCKLER,
,RUBY,RUBY,RUBY,
,SCIMITAR,SCIMITAR,SCIMITAR,
,SEASONING,SEASONING,SEASONING,
,SHIV,SHIV,SHIV,
,SHORT ARROW,SHORT ARROW,SHORT ARROW,
,SKULL WAND,SKULL WAND,SKULL WAND,
,SLATS SHIELD,SLATS SHIELD,SLATS SHIELD,
,SLIME SWORD,SLIME SWORD,SLIME SWORD,
,SMALL KEY,SMALL KEY,SMALL KEY,
,SMELT,SMELT,SMELT,
,SOLDIER'S BUCKLER,SOLDIER'S BUCKLER,SOLDIER'S BUCKLER,
,SPAGHETTI,SPAGHETTI,SPAGHETTI,
,SPAGHETTI2,"spaghetti, spaghetti, my backpack is ready","spaghetti, spaghetti, my backpack is ready",
,SPEEDY LEAF,SPEEDY LEAF,SPEEDY LEAF,
,SPIKED HELMET,SPIKED HELMET,SPIKED HELMET,
,SPIKED SCALE,SPIKED SCALE,SPIKED SCALE,
,SPIKY CLUB,SPIKY CLUB,SPIKY CLUB,
,SPLINT,SPLINT,SPLINT,
,STAR POTION,STAR POTION,STAR POTION,
,STEAK,STEAK,STEAK,
,STEAK2,This steak is so rich. You can only eat half at a time,This steak is so rich. You can only eat half at a time,
,STEEL BOOTS,STEEL BOOTS,STEEL BOOTS,
,TASTY FLY,TASTY FLY,TASTY FLY,
,TASTY FLY2,Rats don't eat flies,Rats don't eat flies,
,TEA,TEA,TEA,
,TEA2,Proper. Dignified. Perfectly balanced,Proper. Dignified. Perfectly balanced,
,TEDDY BEAR SWORD,TEDDY BEAR SWORD,TEDDY BEAR SWORD,
,TEDDY BEAR SWORD2,It's not a weapon. But there is a brick in the stuffing,It's not a weapon. But there is a brick in the stuffing,
,THREAD,THREAD,THREAD,
,TILTED SWORD,TILTED SWORD,TILTED SWORD,
,TOKEN OF ENERGY,TOKEN OF ENERGY,TOKEN OF ENERGY,
,TOOTH NECKLACE,TOOTH NECKLACE,TOOTH NECKLACE,
,TOWER SHIELD,TOWER SHIELD,TOWER SHIELD,
,TUNIC,TUNIC,TUNIC,
,VAMPIRE BLADE,VAMPIRE BLADE,VAMPIRE BLADE,
,VAMPIRIC AXE,VAMPIRIC AXE,VAMPIRIC AXE,
,VAMPIRIC CRYSTAL,VAMPIRIC CRYSTAL,VAMPIRIC CRYSTAL,
,VOLATILE POTION,VOLATILE POTION,VOLATILE POTION,
,WARM DRINK,WARM DRINK,WARM DRINK,
,WARRIOR'S SPELLBOOK,WARRIOR'S SPELLBOOK,WARRIOR'S SPELLBOOK,
,WARRIOR'S SPELLBOOK2,For the warrior on the go!,For the warrior on the go!,
,WATER FLASK,WATER FLASK,WATER FLASK,
,WHEEL,WHEEL,WHEEL,
,WHETSTONE,WHETSTONE,WHETSTONE,
,WIZARD CAP,WIZARD CAP,WIZARD CAP,
,WIZARD STAFF,WIZARD STAFF,WIZARD STAFF,
,WIZARD'S ROBE,WIZARD'S ROBE,WIZARD'S ROBE,
,WOODEN SWORD,WOODEN SWORD,WOODEN SWORD,
,ROBOT TOY,ROBOT TOY,ROBOT TOY,
,ROBOT TOY2,I think it's broken!,I think it's broken!,
,RAPIER,RAPIER,RAPIER,
,RAPIER2,Live life on the edge ,Live life on the edge ,
,BIG CURSE,BIG CURSE,BIG CURSE,
,CURSE OF HONEY,CURSE OF HONEY,CURSE OF HONEY,
,CURSE OF POISON,CURSE OF POISON,CURSE OF POISON,
,CURSE OF POISON WEAPONS,CURSE OF POISON WEAPONS,CURSE OF POISON WEAPONS,
,CURSE OF SLIME,CURSE OF SLIME,CURSE OF SLIME,
,CURSE OF SLOW,CURSE OF SLOW,CURSE OF SLOW,
,CURSE OF SPIKES,CURSE OF SPIKES,CURSE OF SPIKES,
,CURSE OF THORNS,CURSE OF THORNS,CURSE OF THORNS,
,CURSE OF WEAKNESS,CURSE OF WEAKNESS,CURSE OF WEAKNESS,
,MEDIUM CURSE,MEDIUM CURSE,MEDIUM CURSE,
,SMALL CURSE,SMALL CURSE,SMALL CURSE,
,BELT OF KNIVES,BELT OF KNIVES,BELT OF KNIVES,
,BARBELL,BARBELL,BARBELL,
,BOMBSTONE,BOMBSTONE,BOMBSTONE,
,CLEANSING FLAME,CLEANSING FLAME,CLEANSING FLAME,
,CONDUCTOR,CONDUCTOR,CONDUCTOR,
,CORAL,CORAL,CORAL,
,FLUFFY COTTON,FLUFFY COTTON,FLUFFY COTTON,
,GLASS BOTTLE,GLASS BOTTLE,GLASS BOTTLE,
,HOURGLASS,HOURGLASS,HOURGLASS,
,MOUSE WOOD,MOUSE WOOD,MOUSE WOOD,
,ORE,ORE,ORE,
,SANDWICH,SANDWICH,SANDWICH,
,SHIELD SPIRIT,SHIELD SPIRIT,SHIELD SPIRIT,
,SPICE,SPICE,SPICE,
,SPICY GINGER,SPICY GINGER,SPICY GINGER,
,STOPWATCH,STOPWATCH,STOPWATCH,
,TUSK,TUSK,TUSK,
,WINDMILL,WINDMILL,WINDMILL,
,FROG TOTEM,FROG TOTEM,FROG TOTEM,
,ETHEREAL BLADE,ETHEREAL BLADE,ETHEREAL BLADE,
,ETHEREAL BLADE2,A sword that was too good for this world. We have to share it between dimensions,A sword that was too good for this world. We have to share it between dimensions,
,ETHEREAL ENERGY,ETHEREAL ENERGY,ETHEREAL ENERGY,
,ETHEREAL SHIV,ETHEREAL SHIV,ETHEREAL SHIV,
,FOX RAPIER,FOX RAPIER,FOX RAPIER,
,FOX RAPIER2,Foxes can't be trusted,Foxes can't be trusted,
,,,,
,GOLD2,The root of all evil. But also very shiny,The root of all evil. But also very shiny,
,HUGE MANA STONE,HUGE MANA STONE,HUGE MANA STONE,
,LARGE MANA STONE,LARGE MANA STONE,LARGE MANA STONE,
,MANA STONE,MANA STONE,MANA STONE,
,ETHEREAL ARROW,ETHEREAL ARROW,ETHEREAL ARROW,
,Sliding Rune,Sliding Rune,Sliding Rune,
,Sliding Rune2,Can slide left or right. Will push adjacent items. Can be rotated before it is placed. Can be used once per combat.,Can slide left or right. Will push adjacent items. Can be rotated before it is placed. Can be used once per combat.,
